sample ID,include atlas,cellranger outputs available,scRNAseq run,InternalSubmissionID,project,experiment responsible,Kit,Sequencing Facility,sequencing status,analysis status,analysis responsible,date chip run,model,species,CellLine_ID,genotype group,morphology/ grading,treatment,enriched fraction,comment,SubmissionID,File names,Cell Ranger - estimated number of cells,Cell Ranger - Mean reads per cell,Cell Ranger - Median genes per cell,Storage_ DataRaw,Storage_ DataPreproceesed,Storage_ DataProcessed
CSC17,yes,yes,A1-2019 10x,pr_0001,TME characterization_implanted,Stefanie Bärthel/Albulena Toska,3' scRNA-seq v3,DKFZ,completed,analyzed,Stefanie Bärthel,13.02.19,orthotopic,mouse,8442,PK,classical,n/a,n/a,,14600,AS-339367-LR-42802,1359,282022,1277,/mnt/storage/Daniele/raw_data/,/mnt/storage/Daniele/preprocessed_data/,
CSC10,yes,yes,A1-2019 10x,pr_0001,TME characterization_implanted,Stefanie Bärthel/Albulena Toska,3' scRNA-seq v3,DKFZ,completed,analyzed,Stefanie Bärthel,13.02.19,orthotopic,mouse,9091,PK,mesenchymal,n/a,n/a,,14600,AS-339369-LR-42803,1087,351117,3269,/mnt/storage/Daniele/raw_data/,/mnt/storage/Daniele/preprocessed_data/,
CSC32,yes,yes,A1-2019 10x,pr_0001,TME characterization_implanted,Stefanie Bärthel/Albulena Toska, 3' scRNA-seq v3,DKFZ,completed,analyzed,Stefanie Bärthel,18.02.19,orthotopic,mouse,8661,PK,classical,n/a,n/a,,14600,AS-339371-LR-42804	,884,433712,1639,/mnt/storage/Daniele/raw_data/,/mnt/storage/Daniele/preprocessed_data/,
CSC16,yes,yes,A1-2019 10x,pr_0001,TME characterization_implanted,Stefanie Bärthel/Albulena Toska, 3' scRNA-seq v3,DKFZ,completed,analyzed,Stefanie Bärthel,13.02.19,orthotopic,mouse,8442,PK,classical,n/a,n/a,,14600,AS-339373-LR-42805,2029,181098,1708,/mnt/storage/Daniele/raw_data/,/mnt/storage/Daniele/preprocessed_data/,
CSC89,yes,yes,A2-2019 10x,pr_0002,Treatment_implanted,Stefanie Bärthel/Albulena Toska,3' scRNA-seq v3,DKFZ,completed,analyzed,Stefanie Bärthel/Chiara Falcomatà,01.10.19,orthotopic,mouse,8661,PK,classical,,n/a,,16732,AS-413897-LR-47379,687,544169,204,/mnt/storage/Daniele/raw_data/,/mnt/storage/Daniele/preprocessed_data/,
CSC87,yes,yes,A2-2019 10x,pr_0002,Treatment_implanted,Stefanie Bärthel/Albulena Toska, 3' scRNA-seq v3,DKFZ,completed,analyzed,Stefanie Bärthel/Chiara Falcomatà,01.10.19,orthotopic,mouse,8661,PK,classical,,n/a,,16732,AS-413899-LR-47380,1221,299742,120,/mnt/storage/Daniele/raw_data/,/mnt/storage/Daniele/preprocessed_data/,
CSC77,yes,yes,A2-2019 10x,pr_0002,Treatment_implanted,Stefanie Bärthel/Albulena Toska,3' scRNA-seq v3,DKFZ,completed,analyzed,Stefanie Bärthel/Chiara Falcomatà,01.10.19,orthotopic,mouse,9091,PK,mesenchymal,,n/a,,16732,AS-413901-LR-47381,4136,88715,1503,/mnt/storage/Daniele/raw_data/,/mnt/storage/Daniele/preprocessed_data/,
CSC81,yes,yes,A2-2019 10x,pr_0002,Treatment_implanted,Stefanie Bärthel/Albulena Toska, 3' scRNA-seq v3,DKFZ,completed,analyzed,Stefanie Bärthel/Chiara Falcomatà,01.10.19,orthotopic,mouse,9091,PK,mesenchymal,,n/a,,16732,AS-413903-LR-47382,1520,229997,1109,/mnt/storage/Daniele/raw_data/,/mnt/storage/Daniele/preprocessed_data/,
271-287,yes,yes,A2-2019 10x,pr_0002,TME characterization_endogenous,Stefanie Bärthel/Albulena Toska,3' scRNA-seq v3,DKFZ,completed,analyzed,Stefanie Bärthel/Chiara Falcomatà,01.10.19,endogenous,mouse,n/a,PKPSm,n/a,,n/a,,16732,AS-413905-LR-47383,7726,43414,465,/mnt/storage/Daniele/raw_data/,/mnt/storage/Daniele/preprocessed_data/,
IM98,yes,yes (KKF2),A3-2019 10x,pr_0003,TME characterization_implanted,Stefanie Bärthel/Albulena Toska,3' scRNA-seq v3,DKFZ,completed,analyzed,Stefanie Bärthel,26.11.19,orthotopic,mouse,8513,PK,mesenchymal,n/a,n/a,,17510,AS-447302-LR-48778,21725,79747,3984,/mnt/storage/Daniele/raw_data/,/mnt/storage/Daniele/preprocessed_data/,
IM81,yes,yes (KKF2),A3-2019 10x,pr_0003,TME characterization_implanted,Stefanie Bärthel/Albulena Toska,3' scRNA-seq v3,DKFZ,completed,analyzed,Stefanie Bärthel,26.11.19,orthotopic,mouse,8570,PK,mesenchymal,n/a,n/a,,17510,AS-447304-LR-48778,17965,65855,2963,/mnt/storage/Daniele/raw_data/,/mnt/storage/Daniele/preprocessed_data/,
1328,yes,yes (KKF2),A3-2019 10x,pr_0003,TME characterization_endogenous,Stefanie Bärthel/Albulena Toska,3' scRNA-seq v3,DKFZ,completed,analyzed,Stefanie Bärthel,26.11.19,endogenous,mouse,n/a,PK,classical (Adenocarcinoma G2),n/a,n/a,,17510,AS-447306-LR-48778,10466,81327,1870,/mnt/storage/Daniele/raw_data/,/mnt/storage/Daniele/preprocessed_data/,
SB1793,yes,yes (KKF2),A3-2019 10x,pr_0003,TME characterization_endogenous,Stefanie Bärthel/Albulena Toska,3' scRNA-seq v3,DKFZ,completed,analyzed,Stefanie Bärthel,26.11.19,endogenous,mouse,n/a,PKSm,n/a,n/a,n/a,,17510,AS-447308-LR-48778,17050,22817,1126,/mnt/storage/Daniele/raw_data/,,
SB2165,yes,yes (KKF2),A3-2019 10x,pr_0003,TME characterization_endogenous,Stefanie Bärthel/Albulena Toska,3' scRNA-seq v3,DKFZ,completed,analyzed,Stefanie Bärthel,26.11.19,endogenous,mouse,n/a,PKT,n/a,n/a,n/a,,17510,AS-447310-LR-48778,15724,130221,2172,/mnt/storage/Daniele/raw_data/,,
20716,yes,yes (KKF2),A3-2019 10x,pr_0003,TME characterization_endogenous,Stefanie Bärthel/Albulena Toska,3' scRNA-seq v3,DKFZ,completed,analyzed,Stefanie Bärthel,26.11.19,endogenous,mouse,n/a,PK,n/a,n/a,n/a,,17510,AS-447312-LR-48778,13512,25625,1378,/mnt/storage/Daniele/raw_data/,,
SK314,no,,,pr_0003,,Stefanie Bärthel/Sabine Klein,3' scRNA-seq v3,DKFZ,completed,,n/a,,endogenous,mouse,n/a,,,n/a,,,17510,AS-447314-LR-48778,,,,/mnt/storage/Daniele/raw_data/,,
K6100,no,,,pr_0003,,Stefanie Bärthel/Sabine Klein,3' scRNA-seq v3,DKFZ,completed,,n/a,,endogenous,mouse,n/a,,,n/a,,,17510,AS-447316-LR-48778,,,,/mnt/storage/Daniele/raw_data/,,
10885,yes,yes,A4-2020 10x,pr_0004,TME characterization_endogenous,Stefanie Bärthel/Albulena Toska,3' scRNA-seq v3,DKFZ,completed,analyzed,Stefanie Bärthel,25.02.20,endogenous,mouse,n/a,PPI3K,n/a,n/a,n/a,,18303,"AS-471325-LR-50320,  AS-471327-LR-50320,  AS-471329-LR-50320,  AS-471331-LR-50320",1240,307502,1576,/mnt/storage/Daniele/raw_data/,/mnt/storage/Daniele/preprocessed_data/,
10883,yes,yes,A4-2020 10x,pr_0004,TME characterization_endogenous,Stefanie Bärthel/Albulena Toska,3' scRNA-seq v3,DKFZ,completed,analyzed,Stefanie Bärthel,25.02.20,endogenous,mouse,n/a,PPI3K,n/a,n/a,n/a,,18303,"AS-471333-LR-50320,  AS-471335-LR-50320,  AS-471337-LR-50320,  AS-471339-LR-50320",2260,124305,1038,/mnt/storage/Daniele/raw_data/,/mnt/storage/Daniele/preprocessed_data/,
CSC128A,yes,yes,A5-2020 10x,pr_0005,Treatment_implanted,Stefanie Bärthel/Chiara Falcomatà,3' scRNA-seq v3,DKFZ,completed,analyzed,Stefanie Bärthel/Chiara Falcomatà,27.03.20,orthotopic,mouse,8661,PK,classical,,BV421/APC-neg (FACS),,18304,"AS-471368-LR-50291,  AS-471370-LR-50291,  AS-471372-LR-50291, AS-471374-LR-50291",2863,132344,281,/mnt/storage/Daniele/raw_data/,/mnt/storage/Daniele/preprocessed_data/,
CSC128B,yes,yes,A5-2020 10x,pr_0005,Treatment_implanted,Stefanie Bärthel/Chiara Falcomatà,3' scRNA-seq v3,DKFZ,completed,analyzed,Stefanie Bärthel/Chiara Falcomatà,27.03.20,orthotopic,mouse,8661,PK,classical,,APC-pos  (FACS),,18304,"AS-471376-LR-50291, AS-471378-LR-50291, AS-471380-LR-50291, AS-471382-LR-50291",2989,123500,735,/mnt/storage/Daniele/raw_data/,/mnt/storage/Daniele/preprocessed_data/,
CSC121A,yes,yes,A5-2020 10x,pr_0005,Treatment_implanted,Stefanie Bärthel/Chiara Falcomatà,3' scRNA-seq v3,DKFZ,completed,analyzed,Stefanie Bärthel/Chiara Falcomatà,27.03.20,orthotopic,mouse,9091,PK,mesenchymal,,BV421/APC-neg (FACS),,18304,"AS-471384-LR-50291, AS-471386-LR-50291,  AS-471388-LR-50291,  AS-471390-LR-50291",2438,146556,491,/mnt/storage/Daniele/raw_data/,/mnt/storage/Daniele/preprocessed_data/,
CSC121B,yes,yes,A5-2020 10x,pr_0005,Treatment_implanted,Stefanie Bärthel/Chiara Falcomatà,3' scRNA-seq v3,DKFZ,completed,analyzed,Stefanie Bärthel/Chiara Falcomatà,27.03.20,orthotopic,mouse,9091,PK,mesenchymal,,APC-pos  (FACS),,18304,"AS-471392-LR-50291,  AS-471394-LR-50291,  AS-471396-LR-50291,  AS-471398-LR-50291",952,392906,295,/mnt/storage/Daniele/raw_data/,/mnt/storage/Daniele/preprocessed_data/,
CSC130/CSC127A,yes,yes,A5-2020 10x,pr_0005,Treatment_implanted,Stefanie Bärthel/Chiara Falcomatà,3' scRNA-seq v3,DKFZ,completed,analyzed,Stefanie Bärthel/Chiara Falcomatà,27.03.20,orthotopic,mouse,8661,PK,classical,,BV421/APC-neg (FACS),,18304,"AS-471400-LR-50291, AS-471402-LR-50291,  AS-471404-LR-50291,  AS-471406-LR-50291",1689,249437,336,/mnt/storage/Daniele/raw_data/,/mnt/storage/Daniele/preprocessed_data/,
CSC130/CSC127B,yes,yes,A5-2020 10x,pr_0005,Treatment_implanted,Stefanie Bärthel/Chiara Falcomatà,3' scRNA-seq v3,DKFZ,completed,analyzed,Stefanie Bärthel/Chiara Falcomatà,27.03.20,orthotopic,mouse,8661,PK,classical,,APC-pos  (FACS),,18304,"AS-471408-LR-50291,  AS-471410-LR-50291,  AS-471412-LR-50291,  AS-471414-LR-50291",4538,56992,704,/mnt/storage/Daniele/raw_data/,/mnt/storage/Daniele/preprocessed_data/,
CSC116A,yes,yes,A5-2020 10x,pr_0006,Treatment_implanted,Stefanie Bärthel/Chiara Falcomatà,3' scRNA-seq v3,DKFZ,completed,analyzed,Stefanie Bärthel/Chiara Falcomatà,27.03.20,orthotopic,mouse,9091,PK,mesenchymal,,BV421/APC-neg (FACS),,18305,"AS-471443-LR-50292,  AS-471445-LR-50292, AS-471447-LR-50292, AS-471449-LR-50292",510,240090,770,/mnt/storage/Daniele/raw_data/,/mnt/storage/Daniele/preprocessed_data/,
CSC116B,yes,yes,A5-2020 10x,pr_0006,Treatment_implanted,Stefanie Bärthel/Chiara Falcomatà,3' scRNA-seq v3,DKFZ,completed,analyzed,Stefanie Bärthel/Chiara Falcomatà,27.03.20,orthotopic,mouse,9091,PK,mesenchymal,,APC-pos  (FACS),,18305,"AS-471451-LR-50292, AS-471453-LR-50292, AS-471455-LR-50292, AS-471457-LR-50292",1708,90439,1284,/mnt/storage/Daniele/raw_data/,/mnt/storage/Daniele/preprocessed_data/,
CSC123A,yes,yes,A5-2020 10x,pr_0006,Treatment_implanted,Stefanie Bärthel/Chiara Falcomatà,3' scRNA-seq v3,DKFZ,completed,analyzed,Stefanie Bärthel/Chiara Falcomatà,27.03.20,orthotopic,mouse,8661,PK,classical,,BV421/APC-neg (FACS),,18305,"AS-471459-LR-50292,  AS-471461-LR-50292,  AS-471463-LR-50292,  AS-471465-LR-50292",1839,55400,307,/mnt/storage/Daniele/raw_data/,/mnt/storage/Daniele/preprocessed_data/,
CSC123B,yes,yes,A5-2020 10x,pr_0006,Treatment_implanted,Stefanie Bärthel/Chiara Falcomatà,3' scRNA-seq v3,DKFZ,completed,analyzed,Stefanie Bärthel/Chiara Falcomatà,27.03.20,orthotopic,mouse,8661,PK,classical,,APC-pos  (FACS),,18305,"AS-471467-LR-50292,  AS-471469-LR-50292,  AS-471471-LR-50292,  AS-471473-LR-50292",3166,41204,1264,/mnt/storage/Daniele/raw_data/,/mnt/storage/Daniele/preprocessed_data/,
CSC120A,yes,yes,A5-2020 10x,pr_0006,Treatment_implanted,Stefanie Bärthel/Chiara Falcomatà,3' scRNA-seq v3,DKFZ,completed,analyzed,Stefanie Bärthel/Chiara Falcomatà,27.03.20,orthotopic,mouse,9091,PK,mesenchymal,,BV421/APC-neg (FACS),,18305,"AS-471475-LR-50292, AS-471477-LR-50292, AS-471479-LR-50292, AS-471481-LR-50292",4252,94924,905,/mnt/storage/Daniele/raw_data/,/mnt/storage/Daniele/preprocessed_data/,
CSC120B,yes,yes,A5-2020 10x,pr_0006,Treatment_implanted,Stefanie Bärthel/Chiara Falcomatà,3' scRNA-seq v3,DKFZ,completed,analyzed,Stefanie Bärthel/Chiara Falcomatà,27.03.20,orthotopic,mouse,9091,PK,mesenchymal,,APC-pos  (FACS),,18305,"AS-471483-LR-50292, AS-471485-LR-50292, AS-471487-LR-50292, AS-471489-LR-50292",2169,240902,1438,/mnt/storage/Daniele/raw_data/,/mnt/storage/Daniele/preprocessed_data/,
CSC116_full,yes,yes,A5-2020 10x,pr_0006,Treatment_implanted,Stefanie Bärthel/Chiara Falcomatà,3' scRNA-seq v3,DKFZ,completed,analyzed,Stefanie Bärthel/Chiara Falcomatà,27.03.20,orthotopic,mouse,9091,PK,mesenchymal,,n/a,,18305,"AS-471491-LR-50292, AS-471493-LR-50292,  AS-471495-LR-50292, AS-471497-LR-50292",1678,330506,1228,/mnt/storage/Daniele/raw_data/,/mnt/storage/Daniele/preprocessed_data/,
SB1963,yes,yes,A6-2020 10x,pr_0004,TME characterization_endogenous,Stefanie Bärthel,3' scRNA-seq v3,DKFZ,completed,analyzed,Stefanie Bärthel,,endogenous,mouse,n/a,PKP,,,n/a,,18303,"AS-471345-LR-50320,  AS-471347-LR-50320,  AS-471349-LR-50320, AS-471351-LR-50320",5981,152236,239,/mnt/storage/Daniele/raw_data/,/mnt/storage/Daniele/preprocessed_data/,
SC50,no,,Rad,pr_0004,Collaboration_AGRad,Stefanie Bärthel,,DKFZ,,,,,,,,,,,,,18303,"AS-471353-LR-50320, AS-471355-LR-50320, AS-471357-LR-50320,  AS-471359-LR-50320",,,,/mnt/storage/Daniele/raw_data/,/mnt/storage/Daniele/preprocessed_data/,
PK1,yes,?,A7-2020 10x,,Collaboration_AGRad,Stefanie Bärthel,,,completed,analyzed,Stefanie Bärthel,,endogenous,mouse,n/a,PK,,,CD45-neg (MACS),,,,6072,60463,180,/mnt/storage/Daniele/raw_data/,/mnt/storage/Daniele/preprocessed_data/,
PKF1,yes,yes,A7-2020 10x,pr_0007,Collaboration_AGRad,Stefanie Bärthel,,,completed,analyzed,Stefanie Bärthel,,endogenous,mouse,n/a,PKFoxp1,,,CD45-neg (MACS),,20148,"AS-545136-LR-54046,  AS-545138-LR-54046,  AS-545140-LR-54046,  AS-545142-LR-54046",6191,64692,809,/mnt/storage/Daniele/raw_data/,/mnt/storage/Daniele/preprocessed_data/,
63794,yes,yes,A7-2020 10x,pr_0007,TME characterization_endogenous,Stefanie Bärthel,,,completed,analyzed,Stefanie Bärthel,,endogenous,mouse,n/a,PKP,,,n/a,,20148,"AS-545128-LR-54046, AS-545130-LR-54046,  AS-545132-LR-54046,  AS-545134-LR-54046",4297,70928,699,/mnt/storage/Daniele/raw_data/,/mnt/storage/Daniele/preprocessed_data/,
1_N1-A,no,,A8-2020 10x,,Collaboration_AGSchnieke(Pig),Stefanie Bärthel,,,completed,analyzed,Daniele Lucarelli/Stefanie Bärthel/Lisa Falk,,pig,pig,n/a,n/a,progressive,,n/a,,,,,,,/mnt/storage/Daniele/raw_data/,/mnt/storage/Daniele/preprocessed_data/,
2_N1-B,no,,A8-2020 10x,,Collaboration_AGSchnieke(Pig),Stefanie Bärthel,,,completed,analyzed,Daniele Lucarelli/Stefanie Bärthel/Lisa Falk,,pig,pig,n/a,n/a,progressive,,n/a,,,,,,,/mnt/storage/Daniele/raw_data/,/mnt/storage/Daniele/preprocessed_data/,
3_R1-A,no,,A8-2020 10x,,Collaboration_AGSchnieke(Pig),Stefanie Bärthel,,,completed,analyzed,Daniele Lucarelli/Stefanie Bärthel/Lisa Falk,,pig,pig,n/a,n/a,regressive,,n/a,,,,,,,/mnt/storage/Daniele/raw_data/,/mnt/storage/Daniele/preprocessed_data/,
4_R1-B,no,,A8-2020 10x,,Collaboration_AGSchnieke(Pig),Stefanie Bärthel,,,completed,analyzed,Daniele Lucarelli/Stefanie Bärthel/Lisa Falk,,pig,pig,n/a,n/a,regressive,,n/a,,,,,,,/mnt/storage/Daniele/raw_data/,/mnt/storage/Daniele/preprocessed_data/,
CSB12_PPT_A,yes,yes (KKF2),A9-2020 10x,pr_0009,TME characterization_implanted,Stefanie Bärthel,3' scRNA-seq v3.1,DKFZ,completed,analyzed,Stefanie Bärthel,,orthotopic,mouse,MZ1730,PKTo,classical,,CD45-neg (MACS),,19948,"AS-540086-LR-53698, AS-540088-LR-53698,  AS-540090-LR-53698, AS-540092-LR-53698",24801,5352,959,/mnt/storage/Daniele/raw_data/,/mnt/storage/Daniele/preprocessed_data/,
CSB12_PPT_B,yes,yes (KKF2),A9-2020 10x,pr_0009,TME characterization_implanted,Stefanie Bärthel,3' scRNA-seq v3.1,DKFZ,completed,analyzed,Stefanie Bärthel,,orthotopic,mouse,MZ1730,PKTo,classical,,CD45-pos (MACS),,19948,"AS-540094-LR-53698, AS-540096-LR-53698,  AS-540098-LR-53698, AS-540100-LR-53698	",6494,31203,831,/mnt/storage/Daniele/raw_data/,/mnt/storage/Daniele/preprocessed_data/,
CSB12_Met_A,yes,no/missing_raw_fastq,A9-2020 10x,pr_0009,TME characterization_implanted,Stefanie Bärthel,3' scRNA-seq v3.1,DKFZ,completed,analyzed,Stefanie Bärthel,,orthotopic,mouse,MZ1730,PKTo,classical,,CD45-neg (MACS),,19948,"AS-540102-LR-53698, AS-540104-LR-53698,AS-540106-LR-53698, AS-540108-LR-53698",1537,136221,2346,/mnt/storage/Daniele/raw_data/,/mnt/storage/Daniele/preprocessed_data/,
CSB12_Met_B,yes,no/missing_raw_fastq,A9-2020 10x,pr_0009,TME characterization_implanted,Stefanie Bärthel,3' scRNA-seq v3.1,DKFZ,completed,analyzed,Stefanie Bärthel,,orthotopic,mouse,MZ1730,PKTo,classical,,CD45-pos (MACS),,19948,"AS-540110-LR-53698,AS-540112-LR-53698,AS-540114-LR-53698,AS-540116-LR-53698",1038,324556,2454,/mnt/storage/Daniele/raw_data/,/mnt/storage/Daniele/preprocessed_data/,
8442_PPT_A,yes,yes/missing_raw_fastq,A9-2020 10x,pr_0008,TME characterization_implanted,Stefanie Bärthel,3' scRNA-seq v3.1,DKFZ,completed,analyzed,Stefanie Bärthel,,orthotopic,mouse,8442,PK,classical,,CD45-neg (MACS),,19948,"AS-540118-LR-53698,  AS-540120-LR-53698,  AS-540122-LR-53698,  AS-540124-LR-53698",5673,229441,537,/mnt/storage/Daniele/raw_data/,/mnt/storage/Daniele/preprocessed_data/,
8442_PPT_A_ADT,no,,A9-2020 10x,pr_0008,TME characterization_implanted,Stefanie Bärthel,3' scRNA-seq v3.1 + CITE-seq,DKFZ,completed,analyzed,Stefanie Bärthel,,,,,,,,,,20148,AS-545144-LR-54046,,,,,,
8442_PPT_B,yes,yes/missing_raw_fastq,A9-2020 10x,pr_0008,TME characterization_implanted,Stefanie Bärthel,3' scRNA-seq v3.1,DKFZ,completed,analyzed,Stefanie Bärthel,,orthotopic,mouse,8442,PK,classical,,CD45-pos (MACS),,19948,"AS-540126-LR-53698, AS-540128-LR-53698,  AS-540130-LR-53698,  AS-540132-LR-53698",22507,71507,1544,/mnt/storage/Daniele/raw_data/,/mnt/storage/Daniele/preprocessed_data/,
8442_PPT_B_ADT,no,,A9-2020 10x,pr_0008,TME characterization_implanted,Stefanie Bärthel,3' scRNA-seq v3.1 + CITE-seq,DKFZ,completed,analyzed,Stefanie Bärthel,,,,,,,,,,20148,AS-545146-LR-54046,,,,,,
9091_PPT_A,yes,yes/missing_raw_fastq,A9-2020 10x,pr_0008,TME characterization_implanted,Stefanie Bärthel,3' scRNA-seq v3.1,DKFZ,completed,analyzed,Stefanie Bärthel,,orthotopic,mouse,9091,PK,mesenchymal,,CD45-neg (MACS),,19948,"AS-540134-LR-53698,  AS-540136-LR-53698,  AS-540138-LR-53698,  AS-540140-LR-53698",10256,156003,1569,/mnt/storage/Daniele/raw_data/,/mnt/storage/Daniele/preprocessed_data/,
9091_PPT_A_ADT,no,,A9-2020 10x,pr_0008,TME characterization_implanted,Stefanie Bärthel,3' scRNA-seq v3.1 + CITE-seq,DKFZ,completed,analyzed,Stefanie Bärthel,,,,,,,,,,20148,AS-545148-LR-54046,,,,,,
9091_PPT_B,yes,yes/missing_raw_fastq,A9-2020 10x,pr_0008,TME characterization_implanted,Stefanie Bärthel,3' scRNA-seq v3.1,DKFZ,completed,analyzed,Stefanie Bärthel,,orthotopic,mouse,9091,PK,mesenchymal,,CD45-pos (MACS),,,"AS-540142-LR-53698, AS-540144-LR-53698,  AS-540146-LR-53698,  AS-540148-LR-53698",14029,92240,2008,/mnt/storage/Daniele/raw_data/,/mnt/storage/Daniele/preprocessed_data/,
9091_PPT_B_ADT,no,,A9-2020 10x,pr_0008,TME characterization_implanted,Stefanie Bärthel,3' scRNA-seq v3.1 + CITE-seq,DKFZ,completed,analyzed,Stefanie Bärthel,,,,,,,,,,20148,AS-545150-LR-54046,,,,,,
PKF_SC08_A,no,,A10-2020 10x,pr_0007,Collaboration_AGRad,Stefanie Bärthel,3' scRNA-seq v3.1,DKFZ,completed,analyzed,Stefanie Bärthel,,endogenous,mouse,n/a,PKFign,n/a,,n/a,,20148,"AS-545088-LR-54046,  AS-545090-LR-54046,  AS-545092-LR-54046,  AS-545094-LR-54046",3193,79459,701,/mnt/storage/Daniele/raw_data/,/mnt/storage/Daniele/preprocessed_data/,
PKF_SC08_B,no,,A10-2020 10x,pr_0007,Collaboration_AGRad,Stefanie Bärthel,3' scRNA-seq v3.1,DKFZ,completed,analyzed,Stefanie Bärthel,,endogenous,mouse,n/a,PKFign,n/a,,n/a,,20148,"AS-545096-LR-54046,  AS-545098-LR-54046,  AS-545100-LR-54046,  AS-545102-LR-54046",9373,26488,1301,/mnt/storage/Daniele/raw_data/,/mnt/storage/Daniele/preprocessed_data/,
CSB1_PPT_A,yes,yes,A10-2020 10x,pr_0007,TME characterization_implanted,Stefanie Bärthel,3' scRNA-seq v3.1,DKFZ,completed,analyzed,Stefanie Bärthel,,orthotopic,mouse,MZ1380,PKTo,classical,,CD45-neg (MACS),,20148,"AS-545104-LR-54046, AS-545106-LR-54046,  AS-545108-LR-54046,  AS-545110-LR-54046",7470,44137,767,/mnt/storage/Daniele/raw_data/,/mnt/storage/Daniele/preprocessed_data/,
CSB1_PPT_B,yes,yes,A10-2020 10x,pr_0007,TME characterization_implanted,Stefanie Bärthel,3' scRNA-seq v3.1,DKFZ,completed,analyzed,Stefanie Bärthel,,orthotopic,mouse,MZ1380,PKTo,classical,,CD45-pos (MACS),,20148,"AS-545112-LR-54046, AS-545114-LR-54046, AS-545116-LR-54046, AS-545118-LR-54046",2934,101953,896,/mnt/storage/Daniele/raw_data/,/mnt/storage/Daniele/preprocessed_data/,
271-670,yes,yes,A10-2020 10x,pr_0007,TME characterization_endogenous,Stefanie Bärthel,3' scRNA-seq v3.1,DKFZ,completed,analyzed,Stefanie Bärthel,,endogenous,mouse,n/a,PK,,,,,20148,"AS-545120-LR-54046,  AS-545122-LR-54046, AS-545124-LR-54046,  AS-545126-LR-54046",5911,43379,1428,/mnt/storage/Daniele/raw_data/,/mnt/storage/Daniele/preprocessed_data/,
1992RA_SB,no,,A11-2020 10x,,Collaboration_AGSchnieke(Pig),Stefanie Bärthel,3' scRNA-seq v3.1,DKFZ,completed,analyzed,Daniele Lucarelli/Stefanie Bärthel/Lisa Falk,,pig,pig,n/a,,n/a,,n/a,,,,10511,49235,700,/mnt/storage/Daniele/raw_data/,/mnt/storage/Daniele/preprocessed_data/,
1992RB_SB,no,,A11-2020 10x,,Collaboration_AGSchnieke(Pig),Stefanie Bärthel,3' scRNA-seq v3.1,DKFZ,completed,analyzed,Daniele Lucarelli/Stefanie Bärthel/Lisa Falk,,pig,pig,n/a,,n/a,,n/a,,,,7852,62666,884,/mnt/storage/Daniele/raw_data/,/mnt/storage/Daniele/preprocessed_data/,
CSC200_A,yes,no/missing_raw_fastq?,A12-2021 10x,pr_0006,Treatment,Stefanie Bärthel,3' scRNA-seq v3.1,DKFZ,completed,analyzed,Stefanie Bärthel/Chiara Falcomatà,,orthotopic,mouse,n/a,,n/a,,n/a,,,,6507,52775,2286,/mnt/storage/Daniele/raw_data/,/mnt/storage/Daniele/preprocessed_data/,
CSC200_B,yes,no/missing_raw_fastq?,A12-2021 10x,pr_0006,Treatment,Stefanie Bärthel,3' scRNA-seq v3.1,DKFZ,completed,analyzed,Stefanie Bärthel/Chiara Falcomatà,,orthotopic,mouse,n/a,,n/a,,n/a,,,,7651,47779,1352,/mnt/storage/Daniele/raw_data/,/mnt/storage/Daniele/preprocessed_data/,
WT,no,,A13-2021 10x,,CRC_Organoids,Miguel Silva/Stefanie Bärthel,3' scRNA-seq v3.1,,completed,n/a,external analysis,,organoid,mouse,n/a,,n/a,,n/a,,,,,,,/mnt/storage/Daniele/raw_data/,/mnt/storage/Daniele/preprocessed_data/,
IRF2-KO,no,,A13-2021 10x,,CRC_Organoids,Miguel Silva/Stefanie Bärthel,3' scRNA-seq v3.1,,completed,n/a,external analysis,,organoid,mouse,n/a,,n/a,,n/a,,,,,,,/mnt/storage/Daniele/raw_data/,/mnt/storage/Daniele/preprocessed_data/,
1_Braf,no,,A15-2021 10x,pr_0012,CRC_endogenous,Antonio Zaurito/Stefanie Bärthel,3' scRNA-seq v3.1,DKFZ,completed,analyzed,Daniele Lucarelli/Antonio Zaurito,,endogenous,mouse,n/a,,n/a,,n/a,,23756,"AS-714486-LR-58768, AS-714488-LR-58768, AS-714490-LR-58768, AS-714492-LR-58768",,,,/mnt/storage/Daniele/raw_data/,/mnt/storage/Daniele/preprocessed_data/,
2_Kras,no,,A15-2021 10x,pr_0012,CRC_endogenous,Antonio Zaurito/Stefanie Bärthel,3' scRNA-seq v3.1,DKFZ,completed,analyzed,Daniele Lucarelli/Antonio Zaurito,,endogenous,mouse,n/a,,n/a,,n/a,,23756,"AS-714494-LR-58768, AS-714496-LR-58768, AS-714498-LR-58768, AS-714500-LR-58768",,,,/mnt/storage/Daniele/raw_data/,/mnt/storage/Daniele/preprocessed_data/,
3_Pik3ca,no,,A15-2021 10x,pr_0012,CRC_endogenous,Antonio Zaurito/Stefanie Bärthel,3' scRNA-seq v3.1,DKFZ,completed,analyzed,Daniele Lucarelli/Antonio Zaurito,,endogenous,mouse,n/a,,n/a,,n/a,,23756,"AS-714502-LR-58768, AS-714504-LR-58768, AS-714506-LR-58768, AS-714508-LR-58768",,,,/mnt/storage/Daniele/raw_data/,/mnt/storage/Daniele/preprocessed_data/,
4_Apc,no,,A15-2021 10x,pr_0012,CRC_endogenous,Antonio Zaurito/Stefanie Bärthel,3' scRNA-seq v3.1,DKFZ,completed,analyzed,Daniele Lucarelli/Antonio Zaurito,,endogenous,mouse,n/a,,n/a,,n/a,,23756,"AS-714510-LR-58768, AS-714512-LR-58768, AS-714514-LR-58768, AS-714516-LR-58768",,,,/mnt/storage/Daniele/raw_data/,/mnt/storage/Daniele/preprocessed_data/,
1_9591_2D,no,,A16-2021 10x,,Collaboration_AGReichert,Stefanie Bärthel,3' scRNA-seq v3.1,Helmholtz,completed,analyzed,external analysis,,cell line,mouse,9591,PK,classical,,n/a,,,,n/a,n/a,n/a,/mnt/storage/Daniele/raw_data/,/mnt/storage/Daniele/preprocessed_data/,
2_16992_2D,no,,A16-2021 10x,,Collaboration_AGReichert,Stefanie Bärthel,3' scRNA-seq v3.1,Helmholtz,completed,analyzed,external analysis,,organoid,mouse,16992,PK,mesenchymal,,n/a,,,,n/a,n/a,n/a,/mnt/storage/Daniele/raw_data/,/mnt/storage/Daniele/preprocessed_data/,
3_9591_3D,no,,A16-2021 10x,,Collaboration_AGReichert,Stefanie Bärthel,3' scRNA-seq v3.1,Helmholtz,completed,analyzed,external analysis,,cell line,mouse,9591,PK,classical,,n/a,,,,n/a,n/a,n/a,/mnt/storage/Daniele/raw_data/,/mnt/storage/Daniele/preprocessed_data/,
4_16992_3D,no,,A16-2021 10x,,Collaboration_AGReichert,Stefanie Bärthel,3' scRNA-seq v3.1,Helmholtz,completed,analyzed,external analysis,,organoid,mouse,16992,PK,mesenchymal,,n/a,,,,n/a,n/a,n/a,/mnt/storage/Daniele/raw_data/,/mnt/storage/Daniele/preprocessed_data/,
BC16_Tumor,yes,yes,A17-2021 10x,pr_0010,pLARRY_8442_project,Stefanie Bärthel,3' scRNA-seq v3.1,DKFZ,completed,anaylzed,Daniele Lucarelli/Stefanie Bärthel,,orthotopic,mouse,8442 pLARRY,PK,classical,,CD45-neg (MACS),,24844,"AS-782530-LR-61971,  AS-782532-LR-61971,  AS-782534-LR-61971,  AS-782536-LR-61971	",9094,62560,3050,/mnt/storage/Daniele/raw_data/,/mnt/storage/Daniele/preprocessed_data/,
BC16_Tumor_pLA,yes,yes,A17-2021 10x,pr_0010,pLARRY_8442_project,Stefanie Bärthel,3' scRNA-seq v3.1,DKFZ,completed,anaylzed,Daniele Lucarelli/Stefanie Bärthel,,,,,,,,,,24869,AS-783355-LR-61959,,,,,,
BC16_Immune,yes,yes,A17-2021 10x,pr_0010,pLARRY_8442_project,Stefanie Bärthel,3' scRNA-seq v3.1,DKFZ,completed,anaylzed,Daniele Lucarelli/Stefanie Bärthel,,orthotopic,mouse,8442 pLARRY,PK,classical,,CD45-pos (MACS),,24844,"AS-782538-LR-61971, AS-782540-LR-61971, AS-782542-LR-61971, AS-782544-LR-61971        ",9087,63838,3008,/mnt/storage/Daniele/raw_data/,/mnt/storage/Daniele/preprocessed_data/,
BC14_Tumor,yes,yes,A17-2021 10x,pr_0010,pLARRY_8442_project,Stefanie Bärthel,3' scRNA-seq v3.1,DKFZ,completed,anaylzed,Daniele Lucarelli/Stefanie Bärthel,,orthotopic,mouse,8442 pLARRY,PK,classical,,CD45-neg (MACS),,24844,"AS-782546-LR-61971, AS-782548-LR-61971,  AS-782550-LR-61971, AS-782552-LR-61971",10618,122344,3316,/mnt/storage/Daniele/raw_data/,/mnt/storage/Daniele/preprocessed_data/,
BC14_Tumor_pLA,yes,yes,A17-2021 10x,pr_0010,pLARRY_8442_project,Stefanie Bärthel,3' scRNA-seq v3.1,DKFZ,completed,anaylzed,Daniele Lucarelli/Stefanie Bärthel,,,,,,,,,,24869,AS-783353-LR-61959,,,,,,
8442_pLARRY_CL,no,,A17-2021 10x,pr_0010,pLARRY_8442_project,Stefanie Bärthel,3' scRNA-seq v3.1,DKFZ,completed,anaylzed,Daniele Lucarelli/Stefanie Bärthel,,cell line,mouse,8442 pLARYY,PK,classical,,n/a,,24844,"AS-782554-LR-61971, AS-782556-LR-61971,AS-782558-LR-61971,AS-782560-LR-61971",4008,152714,6574,/mnt/storage/Daniele/raw_data/,/mnt/storage/Daniele/preprocessed_data/,
8442_pLARRY_CL-PLA,no,,A17-2021 10x,pr_0010,pLARRY_8442_project,Stefanie Bärthel,3' scRNA-seq v3.1,DKFZ,completed,anaylzed,Daniele Lucarelli/Stefanie Bärthel,,,,,,,,,,24869,AS-783351-LR-61959,,,,,,
BC14_Tcells,yes,VDJ?,A18-2021 10x,pr_0011,pLARRY_8442_project,Stefanie Bärthel,5' scRNA-seq + TCR,DKFZ,completed,anaylzed,Daniele Lucarelli/Stefanie Bärthel,,orthotopic,mouse,8442 pLARRY,PK,classical,,TIL-pos (MACS),,24869,AS-783347-LR-61959,11595,41514,1692,/mnt/storage/Daniele/raw_data/,/mnt/storage/Daniele/preprocessed_data/,
BC14_VDJ_TCR,no,,A18-2021 10x,pr_0011,pLARRY_8442_project,Stefanie Bärthel,5' scRNA-seq + TCR,DKFZ,completed,anaylzed,Daniele Lucarelli/Stefanie Bärthel,,orthotopic,mouse,8442 pLARRY,PK,classical,,,,24869,AS-783349-LR-61959,n/a,n/a,n/a,/mnt/storage/Daniele/raw_data/,/mnt/storage/Daniele/preprocessed_data/,
2303_prog_pig,no,,A19-2022 10x,pr_0023,Collaboration_AGSchnieke(Pig),Stefanie Bärthel,3' scRNA-seq v3.1,DKFZ,completed,ongoing,Daniele Lucarelli/Stefanie Bärthel/Lisa Falk,,pig,pig,n/a,n/a,progressive,,n/a,,24847,"AS-782575-LR-61972, AS-782577-LR-61972, AS-782579-LR-61972, AS-782581-LR-61972",,,,/mnt/storage/Daniele/raw_data/,/mnt/storage/Daniele/preprocessed_data/,
2303_regr_pig,no,,A19-2022 10x,pr_0023,Collaboration_AGSchnieke(Pig),Stefanie Bärthel,3' scRNA-seq v3.1,DKFZ,completed,ongoing,Daniele Lucarelli/Stefanie Bärthel/Lisa Falk,,pig,pig,n/a,n/a,regressive,,n/a,,24847,"AS-782583-LR-61972, AS-782585-LR-61972, AS-782587-LR-61972, AS-782589-LR-61972",,,,/mnt/storage/Daniele/raw_data/,/mnt/storage/Daniele/preprocessed_data/,
2300_prog_pig,no,,A19-2022 10x,pr_0023,Collaboration_AGSchnieke(Pig),Stefanie Bärthel,3' scRNA-seq v3.1,DKFZ,completed,ongoing,Daniele Lucarelli/Stefanie Bärthel/Lisa Falk,,pig,pig,n/a,n/a,progressive,,n/a,,24847,"AS-782591-LR-61972, AS-782593-LR-61972, AS-782595-LR-61972, AS-782597-LR-61972",,,,/mnt/storage/Daniele/raw_data/,/mnt/storage/Daniele/preprocessed_data/,
2300_regr_pig,no,,A19-2022 10x,pr_0023,Collaboration_AGSchnieke(Pig),Stefanie Bärthel,3' scRNA-seq v3.1,DKFZ,completed,ongoing,Daniele Lucarelli/Stefanie Bärthel/Lisa Falk,,pig,pig,n/a,n/a,regressive,,n/a,,24847,"AS-782599-LR-61972, AS-782601-LR-61972, AS-782603-LR-61972, AS-782605-LR-61972",,,,/mnt/storage/Daniele/raw_data/,/mnt/storage/Daniele/preprocessed_data/,
2567_T2A,no,,A20-2022 10x,pr_0024,Collaboration_AGSchnieke(Pig),Stefanie Bärthel,3' scRNA-seq v3.1,DKFZ,completed,ongoing,Lisa Falk,,pig,pig,n/a,n/a,PDAC,,n/a,,39055,AS-1175285-LR-70948,,,,/mnt/storage/Daniele/raw_data/,/mnt/storage/Daniele/preprocessed_data/,
2567_T2B,no,,A20-2022 10x,pr_0024,Collaboration_AGSchnieke(Pig),Stefanie Bärthel,3' scRNA-seq v3.1,DKFZ,completed,ongoing,Lisa Falk,,pig,pig,n/a,n/a,PDAC,,n/a,,39055,AS-1175281-LR-70948,,,,/mnt/storage/Daniele/raw_data/,/mnt/storage/Daniele/preprocessed_data/,
2567_T4,no,,A20-2022 10x,pr_0024,Collaboration_AGSchnieke(Pig),Stefanie Bärthel,3' scRNA-seq v3.1,DKFZ,completed,ongoing,Lisa Falk,,pig,pig,n/a,n/a,PDAC,,n/a,,39055,AS-1175283-LR-70948,,,,/mnt/storage/Daniele/raw_data/,/mnt/storage/Daniele/preprocessed_data/,
IM284_A,yes,no,A21-2022 10x,pr_0014,TME characterization_implanted,Stefanie Bärthel,3' scRNA-seq v3.1,DKFZ,ongoing,ongoing,,,orthotopic,mouse,8028,PK,mesenchymal,,n/a,,32175,AS-869733-LR-66246,,,,/mnt/storage/Daniele/raw_data/,/mnt/storage/Daniele/preprocessed_data/,
IM284_B,yes,no,A21-2022 10x,pr_0014,TME characterization_implanted,Stefanie Bärthel,3' scRNA-seq v3.1,DKFZ,ongoing,ongoing,,,orthotopic,mouse,8028,PK,mesenchymal,,n/a,,32175,AS-869735-LR-66246,,,,/mnt/storage/Daniele/raw_data/,/mnt/storage/Daniele/preprocessed_data/,
1A,yes,no,A22-2022 10x,pr_0014,TME characterization_endogenous,Stefanie Bärthel,3' scRNA-seq v3.1,DKFZ,ongoing,ongoing,,,endogenous,mouse,n/a,PK,n/a,,n/a,,32174,AS-869716-LR-66245,,,,/mnt/storage/Daniele/raw_data/,/mnt/storage/Daniele/preprocessed_data/,
1B,yes,no,A22-2022 10x,pr_0014,TME characterization_endogenous,Stefanie Bärthel,3' scRNA-seq v3.1,DKFZ,ongoing,ongoing,,,endogenous,mouse,n/a,PK,n/a,,n/a,,32174,AS-869718-LR-66245,,,,/mnt/storage/Daniele/raw_data/,/mnt/storage/Daniele/preprocessed_data/,
3,yes,no,A22-2022 10x,pr_0014,TME characterization_endogenous,Stefanie Bärthel,3' scRNA-seq v3.1,DKFZ,ongoing,ongoing,,,endogenous,mouse,n/a,PKS,n/a,,n/a,,32174,AS-869720-LR-66245,,,,/mnt/storage/Daniele/raw_data/,/mnt/storage/Daniele/preprocessed_data/,
IM285,yes,no,A23-2022 10x,pr_0014,TME characterization_implanted,Stefanie Bärthel,3' scRNA-seq v3.1,DKFZ,ongoing,ongoing,,,orthotopic,mouse,8296,PK,n/a,,n/a,,32175,AS-869737-LR-66246,,,,/mnt/storage/Daniele/raw_data/,/mnt/storage/Daniele/preprocessed_data/,
IM288,yes,no,A23-2022 10x,pr_0014,TME characterization_implanted,Stefanie Bärthel,3' scRNA-seq v3.1,DKFZ,ongoing,ongoing,,,orthotopic,mouse,8296,PK,n/a,,n/a,,32175,AS-869739-LR-66246,,,,,,
IM293,yes,no,A23-2022 10x,pr_0014,TME characterization_implanted,Stefanie Bärthel,3' scRNA-seq v3.1,DKFZ,ongoing,ongoing,,,orthotopic,mouse,9591,PK,n/a,,n/a,,32174,AS-869722-LR-66245,,,,,,
108,no,,A23-2022 10x,colab_0003,Collaboration_AGHaller,Stefanie Bärthel/Doriane Aguanno,3' scRNA-seq v3.1,DKFZ,ongoing,ongoing,Stefanie Bärthel + external analysis,,endogenous,mouse,n/a,n/a,n/a,,n/a,,32173,AS-869707-LR-66244,,,,,,
109,no,,A23-2022 10x,colab_0003,Collaboration_AGHaller,Stefanie Bärthel/Doriane Aguanno,3' scRNA-seq v3.1,DKFZ,ongoing,ongoing,Stefanie Bärthel + external analysis,,endogenous,mouse,n/a,n/a,n/a,,n/a,,32173,AS-869709-LR-66244,,,,,,
112,no,,A23-2022 10x,colab_0003,Collaboration_AGHaller,Stefanie Bärthel/Doriane Aguanno,3' scRNA-seq v3.1,DKFZ,ongoing,ongoing,Stefanie Bärthel + external analysis,,endogenous,mouse,n/a,n/a,n/a,,n/a,,32173,AS-869711-LR-66244,,,,,,
113,no,,A23-2022 10x,colab_0003,Collaboration_AGHaller,Stefanie Bärthel/Doriane Aguanno,3' scRNA-seq v3.1,DKFZ,ongoing,ongoing,Stefanie Bärthel + external analysis,,endogenous,mouse,n/a,n/a,n/a,,n/a,,32173,AS-869713-LR-66244,,,,,,
,no,,A24-2022 10x,,Collaboration_AGRad,,,,,,,,organoid,human,,,,,,,,,,,,,,
1_MT3350_T3-4,no,,A26-2022 10x,pr_0013,CRC_endogenous,Antonio Zaurito/Stefanie Bärthel,3' scRNA-seq v3.1,Cologne,sequenced,ongoing,Daniele Lucarelli/Antonio Zaurito ,,endogenous,mouse,,,,,,,202311,A006850325_205905,,,,,,
MT3220_T1-1,no,,A26-2022 10x,pr_0013,CRC_endogenous,Antonio Zaurito/Stefanie Bärthel,3' scRNA-seq v3.1,Cologne,sequenced,ongoing,Daniele Lucarelli/Antonio Zaurito ,,endogenous,mouse,,,,,,,202311,A006850325_205907 ,,,,,,
MT3220_T1-4,no,,A26-2022 10x,pr_0013,,Antonio Zaurito/Stefanie Bärthel,3' scRNA-seq v3.1,Cologne,sequenced,ongoing,Daniele Lucarelli/Antonio Zaurito ,,endogenous,mouse,,,,,,,202311,A006850325_205908,,,,,,
1_hPDAC,no,,A27-2023 10x,n/a,Collaboration_AGDemir,Julian Frädrich/Stefanie Bärthel,3' scRNA-seq v3.1,Rad lab (Rupert),n/a,n/a,"shallow sequencing, only cell ranger alignment to check QC",,PDAC,human,n/a,,,,,,,,,,,,,
2_hPDAC,no,,A27-2023 10x,n/a,Collaboration_AGDemir,Julian Frädrich/Stefanie Bärthel,3' scRNA-seq v3.1,Rad lab (Rupert),n/a,n/a,"shallow sequencing, only cell ranger alignment to check QC",,PDAC,human,n/a,,,,,,,,,,,,,
3_hPDAC,no,,A27-2023 10x,n/a,Collaboration_AGDemir,Julian Frädrich/Stefanie Bärthel,3' scRNA-seq v3.1,Rad lab (Rupert),n/a,n/a,"shallow sequencing, only cell ranger alignment to check QC",,PDAC,human,n/a,,,,,,,,,,,,,
4_hPDAC,no,,A27-2023 10x,n/a,Collaboration_AGDemir,Julian Frädrich/Stefanie Bärthel,3' scRNA-seq v3.1,Rad lab (Rupert),n/a,n/a,"shallow sequencing, only cell ranger alignment to check QC",,PDAC,human,n/a,,,,,,,,,,,,,
1_hPDAC,no,,A30-2023 10x,colab_001,Collaboration_AGDemir,Julian Frädrich/Stefanie Bärthel,3' scRNA-seq v3.1,Novogene,completed,ongoing,Daniele Lucarelli/Stefanie Bärthel,,PDAC,human,n/a,,,,,,2023_human_pdac_sc_DemirLab,,,,,,,
2_hPDAC,no,,A30-2023 10x,colab_001,Collaboration_AGDemir,Julian Frädrich/Stefanie Bärthel,3' scRNA-seq v3.1,Novogene,completed,ongoing,Daniele Lucarelli/Stefanie Bärthel,,PDAC,human,n/a,,,,,,2023_human_pdac_sc_DemirLab,,,,,,,
3_hPDAC,no,,A30-2023 10x,colab_001,Collaboration_AGDemir,Julian Frädrich/Stefanie Bärthel,3' scRNA-seq v3.1,Novogene,completed,ongoing,Daniele Lucarelli/Stefanie Bärthel,,PDAC,human,n/a,,,,,,2023_human_pdac_sc_DemirLab,,,,,,,
4_hPDAC,no,,A30-2023 10x,colab_001,Collaboration_AGDemir,Julian Frädrich/Stefanie Bärthel,3' scRNA-seq v3.1,Novogene,completed,ongoing,Daniele Lucarelli/Stefanie Bärthel,,PDAC,human,n/a,,,,,,2023_human_pdac_sc_DemirLab,,,,,,,
MT3117_T2,no,,A31-2023 10x,pr_0013,CRC_endogenous,Antonio Zaurito/Stefanie Bärthel,3' scRNA-seq v3.1,Cologne,sequenced,ongoing,Daniele Lucarelli/Antonio Zaurito ,,endogenous,mouse,,,,,,,,A006850325_205909,,,,,,
1_AP,no,,A32-2023 10x,,Collaboration_AGReichert_Aris,Aris Papagyriou/Stefanie Bärthel,3' scRNA-seq v3.1,Helmholtz,completed,ongoing,Daniele Lucarelli/Stefanie Bärthel,,,,,,,,,,,,,,,,,
2_AP,no,,A32-2023 10x,,Collaboration_AGReichert_Aris,Aris Papagyriou/Stefanie Bärthel,3' scRNA-seq v3.1,Helmholtz,completed,ongoing,Daniele Lucarelli/Stefanie Bärthel,,,,,,,,,,,,,,,,,
3_AP,no,,A32-2023 10x,,Collaboration_AGReichert_Aris,Aris Papagyriou/Stefanie Bärthel,3' scRNA-seq v3.1,Helmholtz,completed,ongoing,Daniele Lucarelli/Stefanie Bärthel,,,,,,,,,,,,,,,,,
4_AP,no,,A32-2023 10x,,Collaboration_AGReichert_Aris,Aris Papagyriou/Stefanie Bärthel,3' scRNA-seq v3.1,Helmholtz,completed,ongoing,Daniele Lucarelli/Stefanie Bärthel,,,,,,,,,,,,,,,,,
5_AP,no,,A32-2023 10x,,Collaboration_AGReichert_Aris,Aris Papagyriou/Stefanie Bärthel,3' scRNA-seq v3.1,Helmholtz,completed,ongoing,Daniele Lucarelli/Stefanie Bärthel,,,,,,,,,,,,,,,,,
6_AP,no,,A32-2023 10x,,Collaboration_AGReichert_Aris,Aris Papagyriou/Stefanie Bärthel,3' scRNA-seq v3.1,Helmholtz,completed,ongoing,Daniele Lucarelli/Stefanie Bärthel,,,,,,,,,,,,,,,,,
7_AP,no,,A32-2023 10x,,Collaboration_AGReichert_Aris,Aris Papagyriou/Stefanie Bärthel,3' scRNA-seq v3.1,Helmholtz,completed,ongoing,Daniele Lucarelli/Stefanie Bärthel,,,,,,,,,,,,,,,,,
MT2916 T1-1,no,,A33-2023 10x,pr_0013,CRC_endogenous,Antonio Zaurito/Stefanie Bärthel,3' scRNA-seq v3.1,Cologne,completed,ongoing,Daniele Lucarelli/Antonio Zaurito,,endogenous,mouse,,,,,,,,A006850325_205910   ,,,,,,
MT3363 T1-2,no,,A33-2023 10x,pr_0013,CRC_endogenous,Antonio Zaurito/Stefanie Bärthel,3' scRNA-seq v3.1,Cologne,completed,ongoing,Daniele Lucarelli/Antonio Zaurito,,endogenous,mouse,,,,,,,,A006850325_205911 ,,,,,,
384_hPDAC,no,,A34-2023 10x,x,Collaboration_AGDemir,Julian Frädrich/Stefanie Bärthel,3' scRNA-seq v3.1,Novogene,completed,ongoing,Daniele Lucarelli/Stefanie Bärthel,,PDAC,human,n/a,,,,,,,,,,,,,
710_hPDAC,no,,A34-2023 10x,colab_001,Collaboration_AGDemir,Julian Frädrich/Stefanie Bärthel,3' scRNA-seq v3.1,Novogene,completed,ongoing,Daniele Lucarelli/Stefanie Bärthel,,PDAC,human,n/a,,,,,,2023_human_pdac_sc_DemirLab,hPDAC_710-SCI7T014-SCI5T014_HJKNVDSX7,,,,,,
746_hPDAC,no,,A34-2023 10x,colab_001,Collaboration_AGDemir,Julian Frädrich/Stefanie Bärthel,3' scRNA-seq v3.1,Novogene,completed,ongoing,Daniele Lucarelli/Stefanie Bärthel,,PDAC,human,n/a,,,,,,2023_human_pdac_sc_DemirLab,hPDAC_746-SCI7T015-SCI5T015_HJKNVDSX7,,,,,,
91_hPDAC,no,,A34-2023 10x,colab_001,Collaboration_AGDemir,Julian Frädrich/Stefanie Bärthel,3' scRNA-seq v3.1,Novogene,completed,ongoing,Daniele Lucarelli/Stefanie Bärthel,,PDAC,human,n/a,,,,,,2023_human_pdac_sc_DemirLab,hPDAC_91-SCI7T016-SCI5T016_HJKNVDSX7,,,,,,
213_hPDAC,no,,A34-2023 10x,x,Collaboration_AGDemir,Julian Frädrich/Stefanie Bärthel,3' scRNA-seq v3.1,Novogene,completed,ongoing,Daniele Lucarelli/Stefanie Bärthel,,PDAC,human,n/a,,,,,,2023_human_pdac_sc_DemirLab,,,,,,,
345_hPDAC,no,,A34-2023 10x,colab_001,Collaboration_AGDemir,Julian Frädrich/Stefanie Bärthel,3' scRNA-seq v3.1,Novogene,completed,ongoing,Daniele Lucarelli/Stefanie Bärthel,,PDAC,human,n/a,,,,,,2023_human_pdac_sc_DemirLab,hPDAC_345-SCI7T018-SCI5T018_HJKNVDSX7,,,,,,
357_hPDAC,no,,A34-2023 10x,colab_001,Collaboration_AGDemir,Julian Frädrich/Stefanie Bärthel,3' scRNA-seq v3.1,Novogene,completed,ongoing,Daniele Lucarelli/Stefanie Bärthel,,PDAC,human,n/a,,,,,,2023_human_pdac_sc_DemirLab,hPDAC_357-SCI7T019-SCI5T019_HJKNVDSX7,,,,,,
607_hPDAC,no,,A34-2023 10x,colab_001,Collaboration_AGDemir,Julian Frädrich/Stefanie Bärthel,3' scRNA-seq v3.1,Novogene,completed,ongoing,Daniele Lucarelli/Stefanie Bärthel,,PDAC,human,n/a,,,,,,2023_human_pdac_sc_DemirLab,hPDAC_607-SCI7T020-SCI5T020_HJKNVDSX7,,,,,,
96_hPDAC,no,,A34-2023 10x,colab_001,Collaboration_AGDemir,Julian Frädrich/Stefanie Bärthel,3' scRNA-seq v3.1,Novogene,completed,ongoing,Daniele Lucarelli/Stefanie Bärthel,,PDAC,human,n/a,,,,,,2023_human_pdac_sc_DemirLab,hPDAC_96-SCI7T025-SCI5T025_HJKNVDSX7,,,,,,
126_hPDAC,no,,A34-2023 10x,colab_001,Collaboration_AGDemir,Julian Frädrich/Stefanie Bärthel,3' scRNA-seq v3.1,Novogene,completed,ongoing,Daniele Lucarelli/Stefanie Bärthel,,PDAC,human,n/a,,,,,,2023_human_pdac_sc_DemirLab,hPDAC_126-SCI7T026-SCI5T026_HJKNVDSX7,,,,,,
220_hPDAC,no,,A34-2023 10x,colab_001,Collaboration_AGDemir,Julian Frädrich/Stefanie Bärthel,3' scRNA-seq v3.1,Novogene,completed,ongoing,Daniele Lucarelli/Stefanie Bärthel,,PDAC,human,n/a,,,,,,2023_human_pdac_sc_DemirLab,hPDAC_220-SCI7T027-SCI5T027_HJKNVDSX7,,,,,,
241_hPDAC,no,,A34-2023 10x,colab_001,Collaboration_AGDemir,Julian Frädrich/Stefanie Bärthel,3' scRNA-seq v3.1,Novogene,completed,ongoing,Daniele Lucarelli/Stefanie Bärthel,,PDAC,human,n/a,,,,,,2023_human_pdac_sc_DemirLab,hPDAC_241-SCI7T028-SCI5T028_HJKNVDSX7,,,,,,
667_hPDAC,no,,A34-2023 10x,colab_001,Collaboration_AGDemir,Julian Frädrich/Stefanie Bärthel,3' scRNA-seq v3.1,Novogene,completed,ongoing,Daniele Lucarelli/Stefanie Bärthel,,PDAC,human,n/a,,,,,,2023_human_pdac_sc_DemirLab,hPDAC_667-SCI7T029-SCI5T029_HJKNVDSX7,,,,,,
742_hPDAC,no,,A34-2023 10x,x,Collaboration_AGDemir,Julian Frädrich/Stefanie Bärthel,3' scRNA-seq v3.1,Novogene,completed,ongoing,Daniele Lucarelli/Stefanie Bärthel,,PDAC,human,n/a,,,,,,2023_human_pdac_sc_DemirLab,,,,,,,
756_hPDAC,no,,A34-2023 10x,colab_001,Collaboration_AGDemir,Julian Frädrich/Stefanie Bärthel,3' scRNA-seq v3.1,Novogene,completed,ongoing,Daniele Lucarelli/Stefanie Bärthel,,PDAC,human,n/a,,,,,,2023_human_pdac_sc_DemirLab, hPDAC_756-SCI7T031-SCI5T031_HJKNVDSX7,,,,,,
772_hPDAC,no,,A34-2023 10x,colab_001,Collaboration_AGDemir,Julian Frädrich/Stefanie Bärthel,3' scRNA-seq v3.1,Novogene,completed,ongoing,Daniele Lucarelli/Stefanie Bärthel,,PDAC,human,n/a,,,,,,2023_human_pdac_sc_DemirLab,hPDAC_772-SCI7T032-SCI5T032_HJKNVDSX7,,,,,,
SFW198,yes,yes,A35-2023 10x,pr_0016,TME characterization_implanted,Stefanie Bärthel,3' scRNA-seq v3.1,Cologne,completed,ongoing,Stefanie Bärthel,,orthotopic,mouse,8442_Cxcl5-KO,,,,,,202311,A006850325_210982,6315,126094,2661,,,
SFW200,yes,yes,A35-2023 10x,pr_0016,TME characterization_implanted,Stefanie Bärthel,3' scRNA-seq v3.1,Cologne,completed,ongoing,Stefanie Bärthel,,orthotopic,mouse,8442_Cxcl5-KO,,,,,,202311,A006850325_210983,8184,75522,3256,,,
SFW195_CD45+,yes,yes,A35-2023 10x,pr_0016,TME characterization_implanted,Stefanie Bärthel,3' scRNA-seq v3.1,Cologne,completed,ongoing,Stefanie Bärthel,,orthotopic,mouse,8442_Cxcl5-KO,,,,,,202311,A006200354_210985,10867,38075,2476,,,
SFW195_CD45-,yes,yes,A35-2023 10x,pr_0016,TME characterization_implanted,Stefanie Bärthel,3' scRNA-seq v3.1,Cologne,completed,ongoing,Stefanie Bärthel,,orthotopic,mouse,8442_Cxcl5-KO,,,,,,202311,A006200354_210986,16745,44761,3261,,,
SFW190_CD45+,yes,yes,A35-2023 10x,pr_0016,TME characterization_implanted,Stefanie Bärthel,3' scRNA-seq v3.1,Cologne,completed,ongoing,Stefanie Bärthel,,orthotopic,mouse,9091_Csf1-KO,,,,,,202311,A006200354_210987,32932,20115,1304,,,
SFW190_CD45-,yes,yes,A35-2023 10x,pr_0016,TME characterization_implanted,Stefanie Bärthel,3' scRNA-seq v3.1,Cologne,completed,ongoing,Stefanie Bärthel,,orthotopic,mouse,9091_Csf1-KO,,,,,,202311,A006200354_210988,19711,24842,2845,,,
IM298_GEX,yes,yes,A35-2023 10x,pr_0017,TME characterization_implanted_CITE-seq,Stefanie Bärthel,3' scRNA-seq v3.1,Cologne,completed,ongoing,Stefanie Bärthel,,orthotopic,mouse,9091,,,,,,202311,A006200354_210989,16169,32224,3777,,,
IM298_sup,yes,yes,A35-2023 10x,pr_0017,TME characterization_implanted_CITE-seq,Stefanie Bärthel,3' scRNA-seq v3.1,Cologne,completed,ongoing,Stefanie Bärthel,,orthotopic,mouse,9091,,,,,,202311,A006200354_210990,,,,,,
A36-01,yes,yes,A36-2023  10x,pr_0015,pLARRY_project,Devi Ngandiri,3' scRNA-seq v3.1,Cologne,completed,ongoing,Daniele Lucarelli,,orthotopic,mouse,9091_pLARRY_pool clones,PK,mesenchymal,ctrl_d0,,,202310,A006200354_212222,,,,/mnt/storage/Daniele/raw_data/,/mnt/storage/Daniele/preprocessed_data/,
A36-01_pLA,yes,,A36-2023  10x,,pLARRY_project,Devi Ngandiri,3' scRNA-seq v3.1,DKFZ,completed,,Daniele Lucarelli,,orthotopic,mouse,9091_pLARRY_pool clones,PK,mesenchymal,ctrl_d0_pLA,,,39058,AS-1175314-LR-70949,,,,/mnt/storage/Daniele/raw_data/,/mnt/storage/Daniele/preprocessed_data/,
A36-02,yes,yes,A36-2023  10x,pr_0015,pLARRY_project,Devi Ngandiri,3' scRNA-seq v3.1,Cologne,completed,ongoing,Daniele Lucarelli,,orthotopic,mouse,9091_pLARRY_pool clones,PK,mesenchymal,ctrl_d0,,,202310,A006200354_212223,,,,/mnt/storage/Daniele/raw_data/,/mnt/storage/Daniele/preprocessed_data/,
A36-02_pLA,yes,,A36-2023  10x,,pLARRY_project,Devi Ngandiri,3' scRNA-seq v3.1,DKFZ,completed,,Daniele Lucarelli,,orthotopic,mouse,9091_pLARRY_pool clones,PK,mesenchymal,ctrl_d0_pLA,,,39058,AS-1175316-LR-70949,,,,/mnt/storage/Daniele/raw_data/,/mnt/storage/Daniele/preprocessed_data/,
A36-03,yes,yes,A36-2023  10x,pr_0015,pLARRY_project,Devi Ngandiri,3' scRNA-seq v3.1,Cologne,completed,ongoing,Daniele Lucarelli,,orthotopic,mouse,9091_pLARRY_pool clones,PK,mesenchymal,ctrl_d0,,,202310,A006200354_212224,,,,/mnt/storage/Daniele/raw_data/,/mnt/storage/Daniele/preprocessed_data/,
A36-04,yes,,A36-2023  10x,pr_0015,pLARRY_project,Devi Ngandiri,3' scRNA-seq v3.1,Cologne,completed,ongoing,Daniele Lucarelli,,orthotopic,mouse,9091_pLARRY_pool clones,PK,mesenchymal,ctrl_d1,,,202310,A006200354_212225,,,,/mnt/storage/Daniele/raw_data/,/mnt/storage/Daniele/preprocessed_data/,
A36-04_pLA,yes,,A36-2023  10x,,pLARRY_project,Devi Ngandiri,3' scRNA-seq v3.1,DKFZ,completed,,Daniele Lucarelli,,orthotopic,mouse,9091_pLARRY_pool clones,PK,mesenchymal,ctrl_d1_pLA,,,39058,AS-1175318-LR-70949	,,,,/mnt/storage/Daniele/raw_data/,/mnt/storage/Daniele/preprocessed_data/,
A36-05,no,yes,A36-2023  10x,pr_0015,pLARRY_project,Devi Ngandiri,3' scRNA-seq v3.1,Cologne,completed,ongoing,Daniele Lucarelli,,orthotopic,mouse,9091_pLARRY_pool clones,PK,mesenchymal,treated_d1,,,202310,A006200354_212226,,,,/mnt/storage/Daniele/raw_data/,/mnt/storage/Daniele/preprocessed_data/,
A36-05_pLA,no,,A36-2023  10x,,pLARRY_project,Devi Ngandiri,3' scRNA-seq v3.1,DKFZ,completed,,Daniele Lucarelli,,orthotopic,mouse,9091_pLARRY_pool clones,PK,mesenchymal,treated_d1_pLA,,,39058,AS-1175320-LR-70949,,,,/mnt/storage/Daniele/raw_data/,/mnt/storage/Daniele/preprocessed_data/,
A36-06,no,yes,A36-2023  10x,pr_0015,pLARRY_project,Devi Ngandiri,3' scRNA-seq v3.1,Cologne,completed,ongoing,Daniele Lucarelli,,orthotopic,mouse,9091_pLARRY_pool clones,PK,mesenchymal,treated_d3,,,202310,A006200354_212227,,,,/mnt/storage/Daniele/raw_data/,/mnt/storage/Daniele/preprocessed_data/,
A36-07,no,yes,A36-2023  10x,pr_0015,pLARRY_project,Devi Ngandiri,3' scRNA-seq v3.1,Cologne,completed,ongoing,Daniele Lucarelli,,orthotopic,mouse,9091_pLARRY_pool clones,PK,mesenchymal,treated_d3,,,202310,A006200354_212228,,,,/mnt/storage/Daniele/raw_data/,/mnt/storage/Daniele/preprocessed_data/,
A36-08,yes,yes,A36-2023  10x,pr_0015,pLARRY_project,Devi Ngandiri,3' scRNA-seq v3.1,Cologne,completed,ongoing,Daniele Lucarelli,,orthotopic,mouse,9091_pLARRY_pool clones,PK,mesenchymal,ctrl_d3,,,202310,A006200354_212229,,,,/mnt/storage/Daniele/raw_data/,/mnt/storage/Daniele/preprocessed_data/,
A36-08_pLA,yes,,A36-2023  10x,,pLARRY_project,Devi Ngandiri,3' scRNA-seq v3.1,DKFZ,completed,,Daniele Lucarelli,,orthotopic,mouse,9091_pLARRY_pool clones,PK,mesenchymal,ctrl_d3_pLA,,,39058,AS-1175322-LR-7094,,,,/mnt/storage/Daniele/raw_data/,/mnt/storage/Daniele/preprocessed_data/,
A36-09,yes,yes,A36-2023  10x,pr_0015,pLARRY_project,Devi Ngandiri,3' scRNA-seq v3.1,Cologne,completed,ongoing,Daniele Lucarelli,,orthotopic,mouse,9091_pLARRY_pool clones,PK,mesenchymal,ctrl_d3,,,202310,A006200354_212230,,,,/mnt/storage/Daniele/raw_data/,/mnt/storage/Daniele/preprocessed_data/,
A36-10,yes,,A36-2023  10x,pr_0015,pLARRY_project,Devi Ngandiri,3' scRNA-seq v3.1,Cologne,completed,ongoing,Daniele Lucarelli,,orthotopic,mouse,9091_pLARRY_pool clones,PK,mesenchymal,ctrl_d3,,,202310,A006200355_212232,,,,/mnt/storage/Daniele/raw_data/,/mnt/storage/Daniele/preprocessed_data/,
A36-10_pLA,yes,,A36-2023  10x,,pLARRY_project,Devi Ngandiri,3' scRNA-seq v3.1,DKFZ,completed,,Daniele Lucarelli,,orthotopic,mouse,9091_pLARRY_pool clones,PK,mesenchymal,ctrl_d3_pLA,,,39058,AS-1175324-LR-70949,,,,/mnt/storage/Daniele/raw_data/,/mnt/storage/Daniele/preprocessed_data/,
A36-11,no,,A36-2023  10x,pr_0015,pLARRY_project,Devi Ngandiri,3' scRNA-seq v3.1,Cologne,completed,ongoing,Daniele Lucarelli,,orthotopic,mouse,9091_pLARRY_pool clones,PK,mesenchymal,treated_d3,,,202310,A006200355_212233,,,,/mnt/storage/Daniele/raw_data/,/mnt/storage/Daniele/preprocessed_data/,
A36-12,no,yes,A36-2023  10x,pr_0015,pLARRY_project,Devi Ngandiri,3' scRNA-seq v3.1,Cologne,completed,ongoing,Daniele Lucarelli,,orthotopic,mouse,9091_pLARRY_pool clones,PK,mesenchymal,treated_d7,,,202310,A006200355_212234,,,,/mnt/storage/Daniele/raw_data/,/mnt/storage/Daniele/preprocessed_data/,
A36-13,no,yes,A36-2023  10x,pr_0015,pLARRY_project,Devi Ngandiri,3' scRNA-seq v3.1,Cologne,completed,ongoing,Daniele Lucarelli,,orthotopic,mouse,9091_pLARRY_pool clones,PK,mesenchymal,treated_d7,,,202310,A006200355_212235,,,,/mnt/storage/Daniele/raw_data/,/mnt/storage/Daniele/preprocessed_data/,
A36-14,yes,yes,A36-2023  10x,pr_0015,pLARRY_project,Devi Ngandiri,3' scRNA-seq v3.1,Cologne,completed,ongoing,Daniele Lucarelli,,orthotopic,mouse,9091_pLARRY_pool clones,PK,mesenchymal,ctrl_d7,,,202310,A006200355_212236,,,,/mnt/storage/Daniele/raw_data/,/mnt/storage/Daniele/preprocessed_data/,
A36-15,yes,yes,A36-2023  10x,pr_0015,pLARRY_project,Devi Ngandiri,3' scRNA-seq v3.1,Cologne,completed,ongoing,Daniele Lucarelli,,orthotopic,mouse,9091_pLARRY_pool clones,PK,mesenchymal,ctrl_d7,,,202310,A006200355_212237,,,,/mnt/storage/Daniele/raw_data/,/mnt/storage/Daniele/preprocessed_data/,
A36-16,yes,,A36-2023  10x,pr_0015,pLARRY_project,Devi Ngandiri,3' scRNA-seq v3.1,Cologne,completed,ongoing,Daniele Lucarelli,,orthotopic,mouse,9091_pLARRY_pool clones,PK,mesenchymal,ctrl_d7,,,202310,A006200355_212238,,,,/mnt/storage/Daniele/raw_data/,/mnt/storage/Daniele/preprocessed_data/,
A36-17,no,,A36-2023  10x,pr_0015,pLARRY_project,Devi Ngandiri,3' scRNA-seq v3.1,Cologne,completed,ongoing,Daniele Lucarelli,,orthotopic,mouse,9091_pLARRY_pool clones,PK,mesenchymal,treated_d7,,,202310,A006200355_212239,,,,/mnt/storage/Daniele/raw_data/,/mnt/storage/Daniele/preprocessed_data/,
A36-18,no,,A36-2023  10x,pr_0015,pLARRY_project,Devi Ngandiri,3' scRNA-seq v3.1,Cologne,completed,ongoing,Daniele Lucarelli,,orthotopic,mouse,9091_pLARRY_pool clones,PK,mesenchymal,treated_d7,,,202310,A006200355,,,,/mnt/storage/Daniele/raw_data/,/mnt/storage/Daniele/preprocessed_data/,
A36-19,no,yes,A36-2023  10x,pr_0015,pLARRY_project,Devi Ngandiri,3' scRNA-seq v3.1,Cologne,completed,ongoing,Daniele Lucarelli,,orthotopic,mouse,9091_pLARRY_pool clones,PK,mesenchymal,treated_d14,,,202310,A006200355_212241,,,,/mnt/storage/Daniele/raw_data/,/mnt/storage/Daniele/preprocessed_data/,
A36-20,no,yes,A36-2023  10x,pr_0015,pLARRY_project,Devi Ngandiri,3' scRNA-seq v3.1,Cologne,completed,ongoing,Daniele Lucarelli,,orthotopic,mouse,9091_pLARRY_pool clones,PK,mesenchymal,treated_d14,,,202310,A006200355_212242,,,,/mnt/storage/Daniele/raw_data/,/mnt/storage/Daniele/preprocessed_data/,
A36-21,yes,yes,A36-2023  10x,pr_0015,pLARRY_project,Devi Ngandiri,3' scRNA-seq v3.1,Cologne,completed,ongoing,Daniele Lucarelli,,orthotopic,mouse,9091_pLARRY_pool clones,PK,mesenchymal,ctrl_d14,,,202310,A006200355_212243,,,,/mnt/storage/Daniele/raw_data/,/mnt/storage/Daniele/preprocessed_data/,
A36-22,yes,yes,A36-2023  10x,pr_0015,pLARRY_project,Devi Ngandiri,3' scRNA-seq v3.1,Cologne,completed,ongoing,Daniele Lucarelli,,orthotopic,mouse,9091_pLARRY_pool clones,PK,mesenchymal,ctrl_d14,,,202310,A006200355_212244,,,,/mnt/storage/Daniele/raw_data/,/mnt/storage/Daniele/preprocessed_data/,
A36-23,no,,A36-2023  10x,pr_0015,pLARRY_project,Devi Ngandiri,3' scRNA-seq v3.1,Cologne,completed,ongoing,Daniele Lucarelli,,orthotopic,mouse,9091_pLARRY_pool clones,PK,mesenchymal,treated_d14,,,202310,A006200355_212245,,,,/mnt/storage/Daniele/raw_data/,/mnt/storage/Daniele/preprocessed_data/,
A36-24,yes,,A36-2023  10x,pr_0015,pLARRY_project,Devi Ngandiri,3' scRNA-seq v3.1,Cologne,completed,ongoing,Daniele Lucarelli,,orthotopic,mouse,9091_pLARRY_pool clones,PK,mesenchymal,ctrl_d14,,,202310,A006200355_212246,,,,/mnt/storage/Daniele/raw_data/,/mnt/storage/Daniele/preprocessed_data/,
A36-25,no,yes,A36-2023  10x,pr_0015,pLARRY_project,Devi Ngandiri,3' scRNA-seq v3.1,Cologne,completed,ongoing,Daniele Lucarelli,,orthotopic,mouse,9091_pLARRY_pool clones,PK,mesenchymal,treated_endpoint,,,202310,A006200355_212247,,,,/mnt/storage/Daniele/raw_data/,/mnt/storage/Daniele/preprocessed_data/,
A36-26,no,yes,A36-2023  10x,pr_0015,pLARRY_project,Devi Ngandiri,3' scRNA-seq v3.1,Cologne,completed,ongoing,Daniele Lucarelli,,orthotopic,mouse,9091_pLARRY_pool clones,PK,mesenchymal,treated_endpoint,,,202310,A006200355_212248,,,,/mnt/storage/Daniele/raw_data/,/mnt/storage/Daniele/preprocessed_data/,
A36-27,yes,yes,A36-2023  10x,pr_0015,pLARRY_project,Devi Ngandiri,3' scRNA-seq v3.1,Cologne,completed,ongoing,Daniele Lucarelli,,orthotopic,mouse,9091_pLARRY_pool clones,PK,mesenchymal,ctrl_endpoint,,,202310,A006200355_212269,,,,/mnt/storage/Daniele/raw_data/,/mnt/storage/Daniele/preprocessed_data/,
A36-28,no,,A36-2023  10x,pr_0015,pLARRY_project,Devi Ngandiri,3' scRNA-seq v3.1,Cologne,completed,ongoing,Daniele Lucarelli,,orthotopic,mouse,9091_pLARRY_pool clones,PK,mesenchymal,treated_endpoint,,,202310,A006200355_212240,,,,/mnt/storage/Daniele/raw_data/,/mnt/storage/Daniele/preprocessed_data/,
A36-29,yes,,A36-2023  10x,pr_0015,pLARRY_project,Devi Ngandiri,3' scRNA-seq v3.1,Cologne,completed,ongoing,Daniele Lucarelli,,orthotopic,mouse,9091_pLARRY_pool clones,PK,mesenchymal,ctrl_endpoint,,,202310,A006200355_212261,,,,/mnt/storage/Daniele/raw_data/,/mnt/storage/Daniele/preprocessed_data/,
A36-30,yes,,A36-2023  10x,pr_0015,pLARRY_project,Devi Ngandiri,3' scRNA-seq v3.1,Cologne,completed,ongoing,Daniele Lucarelli,,,,9091_pLARRY_pool clones,PK,mesenchymal,Pool_clones,,,202310,A006200355_212262,,,,/mnt/storage/Daniele/raw_data/,/mnt/storage/Daniele/preprocessed_data/,
A36-30_pLA,yes,,A36-2023  10x,,pLARRY_project,Devi Ngandiri,3' scRNA-seq v3.1,DKFZ,completed,,Daniele Lucarelli,,,,9091_pLARRY_pool clones,PK,mesenchymal,Pool_clones_pLA,,,39058,AS-1175312-LR-70949,,,,/mnt/storage/Daniele/raw_data/,/mnt/storage/Daniele/preprocessed_data/,
IM298_GEX,no,,A37-2023 10x,pr_0019,Multiome,Stefanie Bärthel,Multiome,Cologne,completed,ongoing,Daniele Lucarelli,,orthotopic,mouse,,,,,,,202311,,,,,,,
IM298_ATAC,no,,A37-2023 10x,pr_0019,Multiome,Stefanie Bärthel,Multiome,Cologne,completed,ongoing,Daniele Lucarelli,,orthotopic,mouse,,,,,,,,,,,,,,
IM302_GEX,no,,A37-2023 10x,pr_0019,Multiome,Stefanie Bärthel,Multiome,Cologne,completed,ongoing,Daniele Lucarelli,,orthotopic,mouse,,,,,,,,,,,,,,
IM302_ATAC,no,,A37-2023 10x,pr_0019,Multiome,Stefanie Bärthel,Multiome,Cologne,completed,ongoing,Daniele Lucarelli,,orthotopic,mouse,,,,,,,202311,,,,,,,
GS16_56,yes,yes,A38-2023 10x,pr_0016,Gsdmd-KO,Stefanie Bärthel,3' scRNA-seq v3.1,Cologne,completed,ongoing,Stefanie Bärthel,,orthotopic,mouse,9091,PK,mesenchymal,n/a,n/a,implantation into Gsdmd-KO mice,202311,A006200362_214463,10219,81184,2135,,,
GS22_04,yes,yes,A38-2023 10x,pr_0016,Gsdmd-KO,Stefanie Bärthel,3' scRNA-seq v3.1,Cologne,completed,ongoing,Stefanie Bärthel,,orthotopic,mouse,8442,PK,classical,n/a,n/a,implantation into Gsdmd-KO mice,202311,A006200362_214464,11906,86018,4394,,,
A39-01,no,,A39-2023 10x,pr_0025,pLARRY_8442_project,Devi Ngandiri,3' scRNA-seq v3.1,DKFZ,ongoing,ongoing,Daniele Lucarelli,,n/a,mouse,8442_pLARRY,PK,classical,n/a,,,39163,,,,,,,
A39-01_pLA,no,,A39-2023 10x,pr_0025,pLARRY_8442_project,Devi Ngandiri,3' scRNA-seq v3.1,DKFZ,completed,ongoing,Daniele Lucarelli,,n/a,mouse,8442_pLARRY,PK,classical,n/a,,,39058,AS-1175302-LR-70949,,,,,,
A39-02,no,,A39-2023 10x,pr_0025,pLARRY_8442_project,Devi Ngandiri,3' scRNA-seq v3.1,DKFZ,ongoing,ongoing,Daniele Lucarelli,,orthotopic,mouse,8442_pLARRY,PK,classical,n/a,,,39094,AS-1175926-LR-70950,,,,,,
A39-02_pLA,no,,A39-2023 10x,pr_0025,pLARRY_8442_project,Devi Ngandiri,3' scRNA-seq v3.1,DKFZ,completed,ongoing,Daniele Lucarelli,,orthotopic,mouse,8442_pLARRY,PK,classical,n/a,,,39058,AS-1175304-LR-70949,,,,,,
A39-03,no,,A39-2023 10x,pr_0025,pLARRY_8442_project,Devi Ngandiri,3' scRNA-seq v3.1,DKFZ,ongoing,ongoing,Daniele Lucarelli,,orthotopic,mouse,8442_pLARRY,PK,classical,n/a,,,39094,AS-1175928-LR-70950,,,,,,
A39-03_pLA,no,,A39-2023 10x,pr_0025,pLARRY_8442_project,Devi Ngandiri,3' scRNA-seq v3.1,DKFZ,completed,ongoing,Daniele Lucarelli,,orthotopic,mouse,8442_pLARRY,PK,classical,n/a,,,39058,AS-1175306-LR-70949,,,,,,
A39-04,no,,A39-2023 10x,pr_0025,pLARRY_8442_project,Devi Ngandiri,3' scRNA-seq v3.1,DKFZ,ongoing,ongoing,Daniele Lucarelli,,orthotopic,mouse,8442_pLARRY,PK,classical,n/a,,,39163,,,,,,,
A39-04_pLA,no,,A39-2023 10x,pr_0025,pLARRY_8442_project,Devi Ngandiri,3' scRNA-seq v3.1,DKFZ,completed,ongoing,Daniele Lucarelli,,orthotopic,mouse,8442_pLARRY,PK,classical,n/a,,,39058,AS-1175308-LR-70949,,,,,,
A39-05,no,,A39-2023 10x,pr_0025,pLARRY_8442_project,Devi Ngandiri,3' scRNA-seq v3.1,DKFZ,ongoing,ongoing,Daniele Lucarelli,,orthotopic,mouse,8442_pLARRY,PK,classical,n/a,,,39163,,,,,,,
A39-05_pLA,no,,A39-2023 10x,pr_0025,pLARRY_8442_project,Devi Ngandiri,3' scRNA-seq v3.1,DKFZ,completed,ongoing,Daniele Lucarelli,,orthotopic,mouse,8442_pLARRY,PK,classical,n/a,,,39058,AS-1175310-LR-70949,,,,,,
A39-06,no,,A39-2023 10x,pr_0025,pLARRY_8442_project,Devi Ngandiri,5' scRNA-seq,DKFZ,ongoing,ongoing,Daniele Lucarelli,,orthotopic,mouse,8442_pLARRY,PK,classical,n/a,,,39094,AS-1175930-LR-70950,,,,,,
A39-07,no,,A39-2023 10x,pr_0025,pLARRY_8442_project,Devi Ngandiri,5' scRNA-seq,DKFZ,ongoing,ongoing,Daniele Lucarelli,,orthotopic,mouse,8442_pLARRY,PK,classical,n/a,,,39094,AS-1175932-LR-70950,,,,,,
A40_Flex,no,,A40-2023 10x,pr_0018,FlexTest_Tina,Tina Kos,Flex scRNA-seq,Cologne,completed,ongoing,Daniele Lucarelli/Tina Kos,,cell lines,mouse,mix of 11 cell lines,various,various,some cell lines were treated with 4-OHT or tamoxifen in vivo,no,,202311,A006200362_214467,,,,,,
A41-01_SFW207,yes,yes,A41-2023 10x,pr_0020,TME characterization_implanted,Stefanie Bärthel,3' scRNA-seq v3.1,DKFZ,completed,ongoinf,Stefanie Bärthel,24.10.2023,orthotopic,mouse,8442_Cxcl5_Cxcl1-KO,,,n/a,,,38935,AS-1159658-LR-70947,,,,,,
A42-01_AP1,no,,A42-2023 10x,colab_0002,Collaboration_AGReichert_Katja,Stefanie Bärthel,3' scRNA-seq v3.1,Helmholtz,sequenced,ongoing,Daniele Lucarelli/Stefanie Bärthel,,,,,,,,,,2023_mouse_pdac_sc_ReichertLab,,,,,,,
A42-02_AP2,no,,A42-2023 10x,colab_0002,Collaboration_AGReichert_Katja,Stefanie Bärthel,3' scRNA-seq v3.1,Helmholtz,sequenced,ongoing,Daniele Lucarelli/Stefanie Bärthel,,,,,,,,,,2023_mouse_pdac_sc_ReichertLab,,,,,,,
A42-03_AP3,no,,A42-2023  10x,colab_0002,Collaboration_AGReichert_Katja,Stefanie Bärthel,3' scRNA-seq v3.1,Helmholtz,sequenced,ongoing,Daniele Lucarelli/Stefanie Bärthel,,,,,,,,,,2023_mouse_pdac_sc_ReichertLab,,,,,,,
A42-04_AP4,no,,A42-2023  10x,colab_0002,Collaboration_AGReichert_Katja,Stefanie Bärthel,3' scRNA-seq v3.1,Helmholtz,sequenced,ongoing,Daniele Lucarelli/Stefanie Bärthel,,,,,,,,,,2023_mouse_pdac_sc_ReichertLab,,,,,,,
5691/18-1,no,,A43-2024 10x,n/a,Collaboration_AGSteiger_Fabian,Stefanie Bärthel/Saskia Ettl,Flex scRNA-seq,Patho,n/a,n/a,Johannes Wirth,,,human,,,,,,,,,,,,,,
17673/18-1,no,,A43-2024 10x,n/a,Collaboration_AGSteiger_Fabian,Stefanie Bärthel/Saskia Ettl,Flex scRNA-seq,Patho,n/a,n/a,Johannes Wirth,,,human,,,,,,,,,,,,,,
13556/19-1,no,,A43-2024 10x,n/a,Collaboration_AGSteiger_Fabian,Stefanie Bärthel/Saskia Ettl,Flex scRNA-seq,Patho,n/a,n/a,Johannes Wirth,,,human,,,,,,,,,,,,,,
18769/18-1,no,,A43-2024 10x,n/a,Collaboration_AGSteiger_Fabian,Stefanie Bärthel/Saskia Ettl,Flex scRNA-seq,Patho,n/a,n/a,Johannes Wirth,,,human,,,,,,,,,,,,,,
Pool1_P1-1,no,,A44-2024 10x,pr_0022,Collaboration_Ulm,Stefanie Bärthel/Saskia Ettl,Flex scRNA-seq,DKFZ,completed,to do,Daniele Lucarelli/Stefanie Bärthel,,PDAC,human,n/a,n/a,n/a,,n/a,,39056,AS-1175292-LR-70954,1.319,43.957,665,/mnt/storage/Daniele/raw_data/,/mnt/storage/Daniele/preprocessed_data/,
Pool1_P101-1,no,,A44-2024 10x,pr_0022,Collaboration_Ulm,Stefanie Bärthel/Saskia Ettl,Flex scRNA-seq,DKFZ,completed,to do,Daniele Lucarelli/Stefanie Bärthel,,PDAC,human,n/a,n/a,n/a,,n/a,,39056,AS-1175292-LR-70954,2.470,65.314,603,/mnt/storage/Daniele/raw_data/,/mnt/storage/Daniele/preprocessed_data/,
Pool1_P17-1,no,,A44-2024 10x,pr_0022,Collaboration_Ulm,Stefanie Bärthel/Saskia Ettl,Flex scRNA-seq,DKFZ,completed,to do,Daniele Lucarelli/Stefanie Bärthel,,PDAC,human,n/a,n/a,n/a,,n/a,,39056,AS-1175292-LR-70954,2.369,63.869,747,/mnt/storage/Daniele/raw_data/,/mnt/storage/Daniele/preprocessed_data/,
Pool1_P4-1,no,,A44-2024 10x,pr_0022,Collaboration_Ulm,Stefanie Bärthel/Saskia Ettl,Flex scRNA-seq,DKFZ,completed,to do,Daniele Lucarelli/Stefanie Bärthel,,PDAC,human,n/a,n/a,n/a,,n/a,,39056,AS-1175292-LR-70954,2.261,51.801,697,/mnt/storage/Daniele/raw_data/,/mnt/storage/Daniele/preprocessed_data/,
Pool2_P50-1,no,,A44-2024 10x,pr_0022,Collaboration_Ulm,Stefanie Bärthel/Saskia Ettl,Flex scRNA-seq,DKFZ,completed,to do,Daniele Lucarelli/Stefanie Bärthel,,PDAC,human,n/a,n/a,n/a,,n/a,,39056,AS-1175290-LR-70954,6.549,11.971,815,/mnt/storage/Daniele/raw_data/,/mnt/storage/Daniele/preprocessed_data/,
Pool2_P25-1,no,,A44-2024 10x,pr_0022,Collaboration_Ulm,Stefanie Bärthel/Saskia Ettl,Flex scRNA-seq,DKFZ,completed,to do,Daniele Lucarelli/Stefanie Bärthel,,PDAC,human,n/a,n/a,n/a,,n/a,,39056,AS-1175290-LR-70954,3.143,12.655,767,/mnt/storage/Daniele/raw_data/,/mnt/storage/Daniele/preprocessed_data/,
Pool2_P43-1,no,,A44-2024 10x,pr_0022,Collaboration_Ulm,Stefanie Bärthel/Saskia Ettl,Flex scRNA-seq,DKFZ,completed,to do,Daniele Lucarelli/Stefanie Bärthel,,PDAC,human,n/a,n/a,n/a,,n/a,,39056,AS-1175290-LR-70954,5.135,13.092,896,/mnt/storage/Daniele/raw_data/,/mnt/storage/Daniele/preprocessed_data/,
Pool2_P82-1,no,,A44-2024 10x,pr_0022,Collaboration_Ulm,Stefanie Bärthel/Saskia Ettl,Flex scRNA-seq,DKFZ,completed,to do,Daniele Lucarelli/Stefanie Bärthel,,PDAC,human,n/a,n/a,n/a,,n/a,,39056,AS-1175290-LR-70954,2.292,8.457,652,/mnt/storage/Daniele/raw_data/,/mnt/storage/Daniele/preprocessed_data/,
Pool3_P85-1,no,,A44-2024 10x,pr_0022,Collaboration_Ulm,Stefanie Bärthel/Saskia Ettl,Flex scRNA-seq,DKFZ,completed,to do,Daniele Lucarelli/Stefanie Bärthel,,PDAC,human,n/a,n/a,n/a,,n/a,,39057,AS-1175295-LR-70955,4.851,4.619,734,/mnt/storage/Daniele/raw_data/,/mnt/storage/Daniele/preprocessed_data/,
Pool3_P20-1,no,,A44-2024 10x,pr_0022,Collaboration_Ulm,Stefanie Bärthel/Saskia Ettl,Flex scRNA-seq,DKFZ,completed,to do,Daniele Lucarelli/Stefanie Bärthel,,PDAC,human,n/a,n/a,n/a,,n/a,,39057,AS-1175295-LR-70955,9.209,5.222,779,/mnt/storage/Daniele/raw_data/,/mnt/storage/Daniele/preprocessed_data/,
Pool3_P32--1,no,,A44-2024 10x,pr_0022,Collaboration_Ulm,Stefanie Bärthel/Saskia Ettl,Flex scRNA-seq,DKFZ,completed,to do,Daniele Lucarelli/Stefanie Bärthel,,PDAC,human,n/a,n/a,n/a,,n/a,,39057,AS-1175295-LR-70955,10.905,7.268,899,/mnt/storage/Daniele/raw_data/,/mnt/storage/Daniele/preprocessed_data/,
Pool3_P45-1,no,,A44-2024 10x,pr_0022,Collaboration_Ulm,Stefanie Bärthel/Saskia Ettl,Flex scRNA-seq,DKFZ,completed,to do,Daniele Lucarelli/Stefanie Bärthel,,PDAC,human,n/a,n/a,n/a,,n/a,,39057,AS-1175295-LR-70955,20.514,6.311,951,/mnt/storage/Daniele/raw_data/,/mnt/storage/Daniele/preprocessed_data/,
Pool4_P31-1,no,,A44-2024 10x,pr_0022,Collaboration_Ulm,Stefanie Bärthel/Saskia Ettl,Flex scRNA-seq,DKFZ,completed,to do,Daniele Lucarelli/Stefanie Bärthel,,PDAC,human,n/a,n/a,n/a,,n/a,,39057,AS-1175297-LR-70955,8.075,12.325,769,/mnt/storage/Daniele/raw_data/,/mnt/storage/Daniele/preprocessed_data/,
Pool4_P102-1,no,,A44-2024 10x,pr_0022,Collaboration_Ulm,Stefanie Bärthel/Saskia Ettl,Flex scRNA-seq,DKFZ,completed,to do,Daniele Lucarelli/Stefanie Bärthel,,PDAC,human,n/a,n/a,n/a,,n/a,,39057,AS-1175297-LR-70955,6.832,12.974,840,/mnt/storage/Daniele/raw_data/,/mnt/storage/Daniele/preprocessed_data/,
Pool4_P4-1,no,,A44-2024 10x,pr_0022,Collaboration_Ulm,Stefanie Bärthel/Saskia Ettl,Flex scRNA-seq,DKFZ,completed,to do,Daniele Lucarelli/Stefanie Bärthel,,PDAC,human,n/a,n/a,n/a,,n/a,,39057,AS-1175297-LR-70955,2.597,11.281,721,/mnt/storage/Daniele/raw_data/,/mnt/storage/Daniele/preprocessed_data/,
Pool4_P43-1,no,,A44-2024 10x,pr_0022,Collaboration_Ulm,Stefanie Bärthel/Saskia Ettl,Flex scRNA-seq,DKFZ,completed,to do,Daniele Lucarelli/Stefanie Bärthel,,PDAC,human,n/a,n/a,n/a,,n/a,,39057,AS-1175297-LR-70955,7.489,20.248,1.139,/mnt/storage/Daniele/raw_data/,/mnt/storage/Daniele/preprocessed_data/,
25823_PPT,no,,A46-2024 10x,,FlexTest_Tina,Tina Kos,Flex scRNA-seq,DKFZ,completed,to do,Daniele Lucarelli/Tina Kos,,orthotopic,mouse,"23619 clones mix (PPT2, 3, 4) barcoded, in total 29 clones",PKP,epithelial/quazimesenchymal,3xIP tamoxifen 5 mg/mouse,no,barcoded clones,39058,AS-1175326-LR-70949,,,,,,
Parse-A,no,,A47-2024 10x ,pr_0021,ParseTest_Tina,Tina Kos,Parse Mini Kit,DKFZ,completed,to do,Daniele Lucarelli/Tina Kos,,cell lines,mouse,23619 PPT3 16 barcoded clones,PKP,epithelial/quazimesenchymal,control & 4-OHT 600 nM & MRTX-1133 20 nM,no,"barcoded clones, timepoints 1D, 3D, 7D, 14D, (28D was not included in this library",38935,AS-1159660-LR-70947,,,,,,
Parse-B,no,,A47-2024 10x ,pr_0021,ParseTest_Tina,Tina Kos,Parse Mini Kit,DKFZ,completed,to do,Daniele Lucarelli/Tina Kos,,cell lines,mouse,23619 PPT3 16 barcoded clones,PKP,epithelial/quazimesenchymal,control & 4-OHT 600 nM & MRTX-1133 20 nM,no,"barcoded clones, timepoints 1D, 3D, 7D, 14D, (28D was not included in this library",38935,AS-1159662-LR-70947,,,,,,