,Factor1,Factor2,Factor3,Factor4,Factor5,Factor6,Factor7,Factor8,Factor9,Factor10
RCN3,0,1,0,0,0,0,0,0,0,0
SRPX2,0,1,0,0,0,0,0,0,0,0
SLC38A1,0,0,0,1,0,0,0,0,0,0
SYNE2,1,0,0,0,0,0,0,0,0,0
LMCD1,0,1,0,0,0,0,0,0,0,0
FRAS1,1,0,0,0,0,0,0,0,0,0
ADAMTS9-AS2,0,1,0,0,0,0,0,0,0,0
RND3,1,0,0,0,0,0,0,0,0,0
SLC2A5,0,0,0,0,0,0,0,0,0,1
IFI30,0,0,1,0,0,0,0,0,0,0
IL1RN,0,0,1,0,0,0,0,0,0,0
CALCRL,0,1,0,0,0,0,0,0,0,0
METRNL,0,0,1,0,0,0,0,0,0,0
ALDH2,1,0,0,0,0,0,0,0,0,0
HECTD2,0,1,0,0,0,0,0,0,0,0
ELMO1,0,0,1,0,0,0,0,0,0,0
EDN1,0,0,0,0,1,0,0,0,0,0
PALMD,0,0,0,0,1,0,0,0,0,0
CDH11,0,1,0,0,0,0,0,0,0,0
CPB1,0,0,0,0,0,1,0,0,0,0
KLRD1,0,0,0,1,0,0,0,0,0,0
ACVRL1,0,0,0,0,1,0,0,0,0,0
AKAP12,0,1,0,0,0,0,0,0,0,0
MYL9,1,0,0,0,0,0,0,0,0,0
ATF3,0,0,1,0,0,0,0,0,0,0
CACNA1C,0,1,0,0,0,0,0,0,0,0
ACTA2,0,1,0,0,0,0,0,0,0,0
CDR2,0,0,0,1,0,0,0,0,0,0
SOAT1,0,0,1,0,0,0,0,0,0,0
MRC1,0,0,1,0,0,0,0,0,0,0
CKS2,0,0,0,0,0,0,1,0,0,0
PLEKHO1,0,0,1,0,0,0,0,0,0,0
SSPN,0,1,0,0,0,0,0,0,0,0
PTPRM,0,1,0,0,0,0,0,0,0,0
SPSB1,0,1,0,0,0,0,0,0,0,0
TSPAN1,1,0,0,0,0,0,0,0,0,0
GPR137B,0,0,1,0,0,0,0,0,0,0
CLU,1,0,0,0,0,0,0,0,0,0
GALNT18,0,0,0,0,1,0,0,0,0,0
STK39,1,0,0,0,0,0,0,0,0,0
APP,1,0,0,0,0,0,0,0,0,0
EGLN3,1,0,0,0,0,0,0,0,0,0
CCL3,0,0,1,0,0,0,0,0,0,0
BASP1,0,1,0,0,0,0,0,0,0,0
FMN1,0,0,1,0,0,0,0,0,0,0
MFAP4,0,1,0,0,0,0,0,0,0,0
SGIP1,0,1,0,0,0,0,0,0,0,0
GLRX,0,0,1,0,0,0,0,0,0,0
MLF1,0,0,0,0,0,0,1,0,0,0
RALGAPA2,1,0,0,0,0,0,0,0,0,0
SAMD9,0,0,0,0,1,0,0,0,0,0
PDLIM1,1,0,0,0,0,0,0,0,0,0
GNG7,0,0,0,0,0,1,0,0,0,0
KLF2,0,0,0,1,0,0,0,0,0,0
SLC22A18,1,0,0,0,0,0,0,0,0,0
LEPROTL1,0,0,0,1,0,0,0,0,0,0
GPNMB,0,1,0,0,0,0,0,0,0,0
ARAP2,0,0,0,1,0,0,0,0,0,0
CCL4,0,0,0,1,0,0,0,0,0,0
MAT2A,0,0,1,0,0,0,0,0,0,0
KANK1,0,0,0,1,0,0,0,0,0,0
ICAM2,0,0,0,0,1,0,0,0,0,0
GALE,1,0,0,0,0,0,0,0,0,0
CD24,0,0,0,0,0,0,0,0,1,0
KRT8,1,0,0,0,0,0,0,0,0,0
MS4A1,0,0,0,0,0,0,0,0,0,1
DYSF,0,0,0,0,1,0,0,0,0,0
FCGR2B,0,0,1,0,0,0,0,0,0,0
LRRK2,0,0,1,0,0,0,0,0,0,0
UGT2A3,0,0,0,0,0,1,0,0,0,0
SNRK,0,0,0,0,1,0,0,0,0,0
CDC42EP5,1,0,0,0,0,0,0,0,0,0
ABI3BP,0,1,0,0,0,0,0,0,0,0
MS4A6A,0,0,1,0,0,0,0,0,0,0
HSPA5,0,0,0,1,0,0,0,0,0,0
HKDC1,1,0,0,0,0,0,0,0,0,0
TCF4,0,1,0,0,0,0,0,0,0,0
ZEB1,0,1,0,0,0,0,0,0,0,0
CD68,0,0,1,0,0,0,0,0,0,0
RUNX2,0,1,0,0,0,0,0,0,0,0
ST18,0,0,0,0,0,1,0,0,0,0
GDA,1,0,0,0,0,0,0,0,0,0
ZNF608,0,0,0,0,0,1,0,0,0,0
TIE1,0,0,0,0,1,0,0,0,0,0
SLC25A4,0,0,0,0,0,0,1,0,0,0
CD79A,0,0,0,0,0,0,0,0,0,1
CYP27A1,0,0,0,0,0,0,0,0,0,1
LSR,1,0,0,0,0,0,0,0,0,0
BCAM,0,0,0,0,1,0,0,0,0,0
C5AR1,0,0,1,0,0,0,0,0,0,0
AFMID,0,0,0,0,0,1,0,0,0,0
PTK2B,0,0,1,0,0,0,0,0,0,0
CXADR,1,0,0,0,0,0,0,0,0,0
ASS1,1,0,0,0,0,0,0,0,0,0
DENND1B,0,0,0,1,0,0,0,0,0,0
ADCY3,0,0,0,0,0,0,0,0,0,1
VWA5A,0,0,0,0,0,0,1,0,0,0
TMCC3,0,0,0,0,1,0,0,0,0,0
MMP14,0,1,0,0,0,0,0,0,0,0
EBF1,0,1,0,0,0,0,0,0,0,0
GATA6,1,0,0,0,0,0,0,0,0,0
LIPH,1,0,0,0,0,0,0,0,0,0
ASRGL1,0,0,0,0,0,1,0,0,0,0
AGFG2,0,0,0,0,0,1,0,0,0,0
MOB3B,0,0,0,0,0,0,0,0,0,1
SIPA1L2,0,0,0,0,1,0,0,0,0,0
SPRY1,0,1,0,0,0,0,0,0,0,0
MALT1,0,0,0,0,0,0,0,0,1,0
RAMP1,1,0,0,0,0,0,0,0,0,0
HIP1R,0,0,0,0,0,1,0,0,0,0
GULP1,1,0,0,0,0,0,0,0,0,0
PTGDS,0,1,0,0,0,0,0,0,0,0
COL6A3,0,1,0,0,0,0,0,0,0,0
TMBIM1,1,0,0,0,0,0,0,0,0,0
DGKH,1,0,0,0,0,0,0,0,0,0
ANXA4,1,0,0,0,0,0,0,0,0,0
GP2,0,0,0,0,0,1,0,0,0,0
PBXIP1,0,0,0,1,0,0,0,0,0,0
DOCK9,0,0,0,0,1,0,0,0,0,0
AHNAK2,1,0,0,0,0,0,0,0,0,0
PPP1R14A,0,1,0,0,0,0,0,0,0,0
SSBP2,0,1,0,0,0,0,0,0,0,0
FCGR1A,0,0,1,0,0,0,0,0,0,0
CD72,0,0,0,0,0,0,0,0,0,1
LCP1,0,0,1,0,0,0,0,0,0,0
WIPF1,0,0,0,0,0,0,0,0,1,0
SLC39A14,0,0,0,0,0,0,0,0,1,0
CTRC,0,0,0,0,0,1,0,0,0,0
TMC5,1,0,0,0,0,0,0,0,0,0
COL12A1,0,1,0,0,0,0,0,0,0,0
RUNX1T1,0,1,0,0,0,0,0,0,0,0
TP53INP1,0,0,0,0,0,0,0,0,1,0
FOSB,0,0,1,0,0,0,0,0,0,0
MICALL2,1,0,0,0,0,0,0,0,0,0
PLS1,1,0,0,0,0,0,0,0,0,0
AGR2,1,0,0,0,0,0,0,0,0,0
ARID5B,0,1,0,0,0,0,0,0,0,0
APOL3,0,0,0,0,1,0,0,0,0,0
CLIC2,0,0,0,0,1,0,0,0,0,0
HEG1,0,1,0,0,0,0,0,0,0,0
KLF3,1,0,0,0,0,0,0,0,0,0
GLI3,0,1,0,0,0,0,0,0,0,0
ATP1A1,1,0,0,0,0,0,0,0,0,0
SGPP2,1,0,0,0,0,0,0,0,0,0
LAMC1,1,0,0,0,0,0,0,0,0,0
ELK3,0,0,0,0,1,0,0,0,0,0
CLDN1,1,0,0,0,0,0,0,0,0,0
HABP2,0,0,0,0,0,1,0,0,0,0
FLI1,0,0,1,0,0,0,0,0,0,0
RASGEF1B,0,0,1,0,0,0,0,0,0,0
GIMAP7,0,0,0,0,1,0,0,0,0,0
CAPN8,1,0,0,0,0,0,0,0,0,0
CD37,0,0,0,1,0,0,0,0,0,0
PRKAR2B,0,0,0,0,0,1,0,0,0,0
SMAD1,0,0,0,0,1,0,0,0,0,0
RHOH,0,0,0,0,0,0,0,0,0,1
FUCA1,0,0,0,0,0,0,0,0,0,1
ZFHX3,0,1,0,0,0,0,0,0,0,0
SYTL2,1,0,0,0,0,0,0,0,0,0
ASPH,1,0,0,0,0,0,0,0,0,0
TRNP1,1,0,0,0,0,0,0,0,0,0
HSPB1,1,0,0,0,0,0,0,0,0,0
ELF3,1,0,0,0,0,0,0,0,0,0
NOTCH1,0,0,0,0,1,0,0,0,0,0
MAGI3,1,0,0,0,0,0,0,0,0,0
DDAH1,1,0,0,0,0,0,0,0,0,0
ABHD2,1,0,0,0,0,0,0,0,0,0
EMCN,0,0,0,0,1,0,0,0,0,0
PLPP1,0,0,0,0,0,0,0,1,0,0
PILRA,0,0,1,0,0,0,0,0,0,0
LOXL1,0,1,0,0,0,0,0,0,0,0
PLSCR4,0,1,0,0,0,0,0,0,0,0
MXD1,0,0,1,0,0,0,0,0,0,0
AMOTL1,0,1,0,0,0,0,0,0,0,0
DCK,0,0,0,0,0,0,0,0,0,1
ITGAV,1,0,0,0,0,0,0,0,0,0
COTL1,0,0,1,0,0,0,0,0,0,0
MYADM,0,0,0,1,0,0,0,0,0,0
GSTM3,1,0,0,0,0,0,0,0,0,0
CDKN1C,0,0,0,0,0,0,1,0,0,0
SPTLC2,0,0,1,0,0,0,0,0,0,0
SPINT2,1,0,0,0,0,0,0,0,0,0
FRY,0,0,0,0,0,0,0,1,0,0
ARMC9,0,0,0,0,0,0,0,1,0,0
OSBPL7,0,0,0,0,0,0,0,0,1,0
SLC7A8,0,0,0,0,0,0,0,0,0,1
ANKRD36C,1,0,0,0,0,0,0,0,0,0
MAP3K5,0,0,0,0,0,0,0,0,1,0
JAM2,0,0,0,0,1,0,0,0,0,0
GALC,0,0,0,0,0,0,0,0,0,1
PLTP,0,1,0,0,0,0,0,0,0,0
TRIB1,0,0,1,0,0,0,0,0,0,0
VAV3,0,0,0,0,0,1,0,0,0,0
FRZB,0,1,0,0,0,0,0,0,0,0
CSTA,0,0,1,0,0,0,0,0,0,0
SOX7,0,0,0,0,1,0,0,0,0,0
OSBPL3,0,0,1,0,0,0,0,0,0,0
RASD1,0,0,0,0,0,0,1,0,0,0
NEXN,0,1,0,0,0,0,0,0,0,0
NEBL,1,0,0,0,0,0,0,0,0,0
UAP1,0,0,0,0,0,0,1,0,0,0
PERP,1,0,0,0,0,0,0,0,0,0
KAZN,0,1,0,0,0,0,0,0,0,0
ROBO4,0,0,0,0,1,0,0,0,0,0
PRELID2,1,0,0,0,0,0,0,0,0,0
TPSAB1,0,0,0,0,0,0,0,0,0,1
CD40,0,0,0,0,0,0,0,0,0,1
RASSF8,0,1,0,0,0,0,0,0,0,0
FA2H,1,0,0,0,0,0,0,0,0,0
IGSF6,0,0,1,0,0,0,0,0,0,0
C1orf21,0,1,0,0,0,0,0,0,0,0
PLCXD3,0,0,0,0,0,1,0,0,0,0
SERPINB1,1,0,0,0,0,0,0,0,0,0
MXRA5,1,0,0,0,0,0,0,0,0,0
CITED4,0,0,0,0,0,0,1,0,0,0
TRIM22,0,0,0,0,1,0,0,0,0,0
ADAMTS9,0,0,0,0,1,0,0,0,0,0
NFKBIA,0,0,1,0,0,0,0,0,0,0
FGR,0,0,1,0,0,0,0,0,0,0
NOTCH3,0,1,0,0,0,0,0,0,0,0
MMRN2,0,0,0,0,1,0,0,0,0,0
JUP,1,0,0,0,0,0,0,0,0,0
CELA3B,0,0,0,0,0,1,0,0,0,0
FRMD6,0,1,0,0,0,0,0,0,0,0
KCNN4,1,0,0,0,0,0,0,0,0,0
CTSE,1,0,0,0,0,0,0,0,0,0
SUGCT,0,1,0,0,0,0,0,0,0,0
CHST11,0,1,0,0,0,0,0,0,0,0
SLC44A2,0,0,0,0,1,0,0,0,0,0
NDUFAF6,0,0,0,0,0,1,0,0,0,0
THBD,0,0,1,0,0,0,0,0,0,0
RHOBTB3,0,1,0,0,0,0,0,0,0,0
IRAK3,0,1,0,0,0,0,0,0,0,0
GADD45B,0,1,0,0,0,0,0,0,0,0
KIAA1958,0,0,0,0,0,1,0,0,0,0
SORBS1,0,1,0,0,0,0,0,0,0,0
SHROOM4,0,0,0,0,1,0,0,0,0,0
SEC14L1,0,0,1,0,0,0,0,0,0,0
FBP1,0,0,1,0,0,0,0,0,0,0
SOCS1,0,0,0,1,0,0,0,0,0,0
TXN,1,0,0,0,0,0,0,0,0,0
LAMA2,0,1,0,0,0,0,0,0,0,0
CTNND2,0,0,0,0,0,1,0,0,0,0
EZR,1,0,0,0,0,0,0,0,0,0
FMNL2,0,0,1,0,0,0,0,0,0,0
ITGA4,0,0,0,0,1,0,0,0,0,0
BTN3A2,0,0,0,0,1,0,0,0,0,0
ST3GAL6,0,0,0,0,0,1,0,0,0,0
LDB2,0,1,0,0,0,0,0,0,0,0
NCEH1,0,0,0,0,0,0,0,0,0,1
YPEL2,0,0,0,0,0,1,0,0,0,0
IER3,1,0,0,0,0,0,0,0,0,0
SPARC,1,0,0,0,0,0,0,0,0,0
GDF15,1,0,0,0,0,0,0,0,0,0
STK38L,0,0,0,0,0,0,0,1,0,0
SNED1,0,1,0,0,0,0,0,0,0,0
ITGA5,0,1,0,0,0,0,0,0,0,0
MXD4,0,0,0,0,1,0,0,0,0,0
PLCB4,0,0,0,0,0,0,0,1,0,0
ALOX5AP,0,0,1,0,0,0,0,0,0,0
FCGR3A,0,0,1,0,0,0,0,0,0,0
PCDH7,1,0,0,0,0,0,0,0,0,0
EPAS1,0,1,0,0,0,0,0,0,0,0
SGK1,0,0,1,0,0,0,0,0,0,0
TC2N,0,0,0,1,0,0,0,0,0,0
ERRFI1,1,0,0,0,0,0,0,0,0,0
COMTD1,0,0,0,0,0,0,1,0,0,0
MARCKS,1,0,0,0,0,0,0,0,0,0
CITED2,0,0,0,1,0,0,0,0,0,0
SLC38A11,0,0,0,0,0,1,0,0,0,0
BCL3,0,0,0,0,0,0,1,0,0,0
MECOM,1,0,0,0,0,0,0,0,0,0
PDE2A,0,0,0,0,1,0,0,0,0,0
GK,0,0,1,0,0,0,0,0,0,0
TFCP2L1,1,0,0,0,0,0,0,0,0,0
RNF217,0,1,0,0,0,0,0,0,0,0
LPAR6,0,0,1,0,0,0,0,0,0,0
EPS8L3,1,0,0,0,0,0,0,0,0,0
DOCK4,0,0,1,0,0,0,0,0,0,0
NABP1,0,0,1,0,0,0,0,0,0,0
OLFML3,0,1,0,0,0,0,0,0,0,0
TUBA4A,0,0,0,0,0,0,1,0,0,0
GSN,1,0,0,0,0,0,0,0,0,0
NRG1,0,0,0,0,0,1,0,0,0,0
TNFRSF12A,1,0,0,0,0,0,0,0,0,0
DUSP2,0,0,0,1,0,0,0,0,0,0
LPL,0,0,0,0,0,0,0,0,0,1
SPOCK1,0,1,0,0,0,0,0,0,0,0
PNP,0,0,0,0,1,0,0,0,0,0
TCEAL3,0,0,0,0,0,0,0,0,0,1
ZNF704,0,0,0,0,0,1,0,0,0,0
SIGLEC1,0,0,0,0,0,0,0,0,0,1
CYCS,0,0,0,0,0,0,1,0,0,0
CD163,0,0,1,0,0,0,0,0,0,0
PTP4A3,0,0,0,0,1,0,0,0,0,0
IL1RAP,0,0,1,0,0,0,0,0,0,0
INSIG1,0,0,0,0,0,0,1,0,0,0
CLMN,1,0,0,0,0,0,0,0,0,0
ST14,1,0,0,0,0,0,0,0,0,0
NAV2,0,0,0,0,0,0,0,1,0,0
VWA1,1,0,0,0,0,0,0,0,0,0
SLC9A3R2,1,0,0,0,0,0,0,0,0,0
CXCR4,0,0,0,1,0,0,0,0,0,0
HSBP1L1,0,0,0,0,0,0,1,0,0,0
CTSK,0,1,0,0,0,0,0,0,0,0
DLL4,0,0,0,0,1,0,0,0,0,0
CTRL,0,0,0,0,0,0,0,0,1,0
SRGN,0,0,1,0,0,0,0,0,0,0
PHLDA2,1,0,0,0,0,0,0,0,0,0
VPREB3,0,0,0,0,0,0,0,0,0,1
NR6A1,0,0,0,1,0,0,0,0,0,0
GMFG,0,0,0,1,0,0,0,0,0,0
ZFP36L2,0,0,0,1,0,0,0,0,0,0
CDKN1B,0,0,0,1,0,0,0,0,0,0
KLF10,0,0,0,0,0,0,1,0,0,0
IL7R,0,0,0,1,0,0,0,0,0,0
MMP28,1,0,0,0,0,0,0,0,0,0
PTPRK,1,0,0,0,0,0,0,0,0,0
ACP5,0,0,1,0,0,0,0,0,0,0
NREP,0,1,0,0,0,0,0,0,0,0
PRICKLE1,0,0,0,0,0,0,0,1,0,0
SIPA1L3,1,0,0,0,0,0,0,0,0,0
ITGB2,0,0,1,0,0,0,0,0,0,0
RGS16,0,0,0,0,0,0,1,0,0,0
LTC4S,0,0,0,0,0,0,1,0,0,0
QSOX1,1,0,0,0,0,0,0,0,0,0
RALGPS2,1,0,0,0,0,0,0,0,0,0
ACSL4,0,0,1,0,0,0,0,0,0,0
LDLR,1,0,0,0,0,0,0,0,0,0
MYOF,1,0,0,0,0,0,0,0,0,0
PCDH9,0,1,0,0,0,0,0,0,0,0
TMEM204,0,1,0,0,0,0,0,0,0,0
PITPNC1,0,0,0,0,1,0,0,0,0,0
BAIAP2L1,1,0,0,0,0,0,0,0,0,0
ERN1,0,0,0,0,0,0,0,0,1,0
SLC11A1,0,0,1,0,0,0,0,0,0,0
NAALADL2,1,0,0,0,0,0,0,0,0,0
PDGFRA,0,1,0,0,0,0,0,0,0,0
RALYL,0,0,0,0,0,1,0,0,0,0
DUSP4,0,0,0,1,0,0,0,0,0,0
DEGS1,0,0,0,0,0,0,0,0,0,1
HSPA6,0,0,0,0,0,0,1,0,0,0
RGN,0,0,0,0,0,1,0,0,0,0
HERPUD1,0,0,1,0,0,0,0,0,0,0
SRGAP2,0,0,1,0,0,0,0,0,0,0
NR4A3,0,0,0,0,0,0,1,0,0,0
PRKACB,0,0,0,0,0,0,0,1,0,0
DLC1,0,1,0,0,0,0,0,0,0,0
ARHGAP30,0,0,0,0,0,0,0,0,1,0
LRP1,0,1,0,0,0,0,0,0,0,0
KLK10,1,0,0,0,0,0,0,0,0,0
PPFIBP1,1,0,0,0,0,0,0,0,0,0
TPRG1,0,0,0,0,0,0,0,0,1,0
RHBDF2,0,0,1,0,0,0,0,0,0,0
TJP3,1,0,0,0,0,0,0,0,0,0
SHROOM3,1,0,0,0,0,0,0,0,0,0
ARL15,0,0,0,0,1,0,0,0,0,0
TNFAIP8,0,0,0,1,0,0,0,0,0,0
GPRC5C,1,0,0,0,0,0,0,0,0,0
MAP2K1,0,0,1,0,0,0,0,0,0,0
EDIL3,0,1,0,0,0,0,0,0,0,0
CA2,0,0,0,0,0,0,1,0,0,0
JADE1,0,0,0,0,0,1,0,0,0,0
MIR99AHG,0,0,0,0,0,0,0,1,0,0
B3GNT5,0,0,1,0,0,0,0,0,0,0
LINC00511,1,0,0,0,0,0,0,0,0,0
BACE2,1,0,0,0,0,0,0,0,0,0
C6orf132,1,0,0,0,0,0,0,0,0,0
FGFR4,0,0,0,0,0,1,0,0,0,0
SPINK1,1,0,0,0,0,0,0,0,0,0
CCL20,0,0,0,0,0,0,1,0,0,0
CEP70,0,0,0,1,0,0,0,0,0,0
CDH1,1,0,0,0,0,0,0,0,0,0
MYH14,1,0,0,0,0,0,0,0,0,0
BHLHE40,1,0,0,0,0,0,0,0,0,0
HTRA3,0,1,0,0,0,0,0,0,0,0
ABCA6,0,1,0,0,0,0,0,0,0,0
CYTIP,0,0,0,1,0,0,0,0,0,0
AKR1C3,1,0,0,0,0,0,0,0,0,0
LGMN,0,0,1,0,0,0,0,0,0,0
NQO1,1,0,0,0,0,0,0,0,0,0
ARHGAP24,0,0,0,0,0,1,0,0,0,0
DOCK10,0,0,1,0,0,0,0,0,0,0
PRNP,0,0,0,1,0,0,0,0,0,0
C9orf72,0,0,1,0,0,0,0,0,0,0
XYLT1,0,1,0,0,0,0,0,0,0,0
RAB32,0,0,1,0,0,0,0,0,0,0
ATP6V1B2,0,0,1,0,0,0,0,0,0,0
GLA,0,0,0,0,0,0,0,0,0,1
MITF,0,1,0,0,0,0,0,0,0,0
PDE4D,0,0,0,0,0,0,0,1,0,0
PPL,1,0,0,0,0,0,0,0,0,0
PHLDA3,1,0,0,0,0,0,0,0,0,0
THBS2,0,1,0,0,0,0,0,0,0,0
SETBP1,0,1,0,0,0,0,0,0,0,0
EVA1C,0,0,0,0,0,1,0,0,0,0
PDCD4,0,0,0,1,0,0,0,0,0,0
HCLS1,0,0,1,0,0,0,0,0,0,0
HECW2,0,0,0,0,1,0,0,0,0,0
TMEM51,0,0,1,0,0,0,0,0,0,0
IFNGR1,0,0,1,0,0,0,0,0,0,0
PROM1,1,0,0,0,0,0,0,0,0,0
SFTA2,1,0,0,0,0,0,0,0,0,0
ADGRL4,0,0,0,0,1,0,0,0,0,0
ZFP36,0,0,1,0,0,0,0,0,0,0
AMY2B,0,0,0,0,0,1,0,0,0,0
CPED1,0,1,0,0,0,0,0,0,0,0
DDIT3,0,0,0,0,0,0,1,0,0,0
CREB3L2,0,1,0,0,0,0,0,0,0,0
ANPEP,0,0,0,0,0,1,0,0,0,0
AKR1B1,0,0,1,0,0,0,0,0,0,0
CAV1,1,0,0,0,0,0,0,0,0,0
CCND1,1,0,0,0,0,0,0,0,0,0
PDGFRB,0,1,0,0,0,0,0,0,0,0
TOX3,1,0,0,0,0,0,0,0,0,0
LAPTM5,0,0,1,0,0,0,0,0,0,0
MYH11,0,1,0,0,0,0,0,0,0,0
COL1A2,0,1,0,0,0,0,0,0,0,0
LYST,0,0,0,0,1,0,0,0,0,0
S100A6,1,0,0,0,0,0,0,0,0,0
LCP2,0,0,1,0,0,0,0,0,0,0
IGFBP7,1,0,0,0,0,0,0,0,0,0
PMAIP1,0,0,0,0,0,0,1,0,0,0
ALS2CL,1,0,0,0,0,0,0,0,0,0
MYO1B,0,1,0,0,0,0,0,0,0,0
SDC1,1,0,0,0,0,0,0,0,0,0
PDE5A,0,0,0,0,0,1,0,0,0,0
TXNIP,0,0,1,0,0,0,0,0,0,0
CELA3A,0,0,0,0,0,1,0,0,0,0
STXBP6,0,0,0,0,0,1,0,0,0,0
HMGA1,1,0,0,0,0,0,0,0,0,0
AXL,0,1,0,0,0,0,0,0,0,0
SERPINF1,0,1,0,0,0,0,0,0,0,0
F8,0,0,0,0,1,0,0,0,0,0
AP1S3,1,0,0,0,0,0,0,0,0,0
MIDN,0,0,1,0,0,0,0,0,0,0
CACNA1A,0,0,0,0,0,1,0,0,0,0
PPP1R15A,0,0,1,0,0,0,0,0,0,0
SLC4A7,0,0,0,0,0,0,0,1,0,0
PLK2,0,0,0,0,1,0,0,0,0,0
APOLD1,0,0,0,0,1,0,0,0,0,0
FKBP5,0,1,0,0,0,0,0,0,0,0
FGD4,1,0,0,0,0,0,0,0,0,0
FNIP2,0,0,1,0,0,0,0,0,0,0
UBASH3B,0,0,0,0,0,0,0,0,1,0
MYLK,0,1,0,0,0,0,0,0,0,0
CRIP2,1,0,0,0,0,0,0,0,0,0
SLCO2A1,0,0,0,0,1,0,0,0,0,0
CLDN18,1,0,0,0,0,0,0,0,0,0
MAGI1,1,0,0,0,0,0,0,0,0,0
ETS2,0,0,1,0,0,0,0,0,0,0
UBE2E2,0,1,0,0,0,0,0,0,0,0
ARHGAP31,0,0,0,0,1,0,0,0,0,0
TOB1,1,0,0,0,0,0,0,0,0,0
TESC,1,0,0,0,0,0,0,0,0,0
IKZF3,0,0,0,0,0,0,1,0,0,0
NUPR1,0,1,0,0,0,0,0,0,0,0
RNASE6,0,0,1,0,0,0,0,0,0,0
SDC4,1,0,0,0,0,0,0,0,0,0
PTPN22,0,0,0,1,0,0,0,0,0,0
ITGA6,1,0,0,0,0,0,0,0,0,0
VEGFB,0,1,0,0,0,0,0,0,0,0
GLIS3,1,0,0,0,0,0,0,0,0,0
TLE4,0,0,0,1,0,0,0,0,0,0
PTMS,1,0,0,0,0,0,0,0,0,0
TMPRSS4,1,0,0,0,0,0,0,0,0,0
MYLIP,0,0,0,0,0,0,1,0,0,0
COL4A1,0,1,0,0,0,0,0,0,0,0
RAB20,0,0,1,0,0,0,0,0,0,0
CAVIN1,0,1,0,0,0,0,0,0,0,0
GMDS,1,0,0,0,0,0,0,0,0,0
MATN2,0,0,0,0,0,1,0,0,0,0
TGFBI,0,0,1,0,0,0,0,0,0,0
LURAP1L,0,0,0,0,0,1,0,0,0,0
APOL1,1,0,0,0,0,0,0,0,0,0
CETN2,0,0,0,0,0,0,1,0,0,0
TNFRSF21,1,0,0,0,0,0,0,0,0,0
PELI1,0,0,1,0,0,0,0,0,0,0
RBPMS,1,0,0,0,0,0,0,0,0,0
SLC29A1,0,0,0,0,0,0,0,0,0,1
SNX29,0,0,1,0,0,0,0,0,0,0
C7,0,1,0,0,0,0,0,0,0,0
TET3,0,0,0,0,0,0,0,0,1,0
MGLL,1,0,0,0,0,0,0,0,0,0
IRF6,1,0,0,0,0,0,0,0,0,0
MXRA8,0,1,0,0,0,0,0,0,0,0
KIFC3,0,0,0,0,0,1,0,0,0,0
ITGAX,0,0,1,0,0,0,0,0,0,0
POF1B,1,0,0,0,0,0,0,0,0,0
PDLIM2,0,1,0,0,0,0,0,0,0,0
TP53I3,1,0,0,0,0,0,0,0,0,0
RGS2,0,0,1,0,0,0,0,0,0,0
UBE2D1,0,0,1,0,0,0,0,0,0,0
COL5A1,0,1,0,0,0,0,0,0,0,0
GOLGA8B,0,0,0,0,0,0,0,0,1,0
HCK,0,0,1,0,0,0,0,0,0,0
PECAM1,0,0,1,0,0,0,0,0,0,0
TNFAIP3,0,0,0,1,0,0,0,0,0,0
LMOD1,0,1,0,0,0,0,0,0,0,0
MFSD12,0,0,0,0,0,0,0,0,0,1
PCDH1,1,0,0,0,0,0,0,0,0,0
LAMC2,1,0,0,0,0,0,0,0,0,0
PSCA,1,0,0,0,0,0,0,0,0,0
IRS2,0,0,1,0,0,0,0,0,0,0
CD3D,0,0,0,1,0,0,0,0,0,0
RFTN1,0,0,0,0,1,0,0,0,0,0
CNKSR3,0,0,0,0,0,1,0,0,0,0
MMP11,0,1,0,0,0,0,0,0,0,0
HIP1,0,1,0,0,0,0,0,0,0,0
ASAP2,1,0,0,0,0,0,0,0,0,0
DENND3,0,0,1,0,0,0,0,0,0,0
TFF1,1,0,0,0,0,0,0,0,0,0
DYNC2H1,1,0,0,0,0,0,0,0,0,0
SOX18,0,0,0,0,1,0,0,0,0,0
SAMD4A,0,1,0,0,0,0,0,0,0,0
EPB41L4A,1,0,0,0,0,0,0,0,0,0
MCAM,0,1,0,0,0,0,0,0,0,0
RASIP1,0,0,0,0,1,0,0,0,0,0
PPA1,1,0,0,0,0,0,0,0,0,0
RAI14,0,1,0,0,0,0,0,0,0,0
MFSD1,0,0,1,0,0,0,0,0,0,0
ID3,0,1,0,0,0,0,0,0,0,0
PLEKHA7,1,0,0,0,0,0,0,0,0,0
FLT1,0,0,0,0,1,0,0,0,0,0
PLIN2,0,0,1,0,0,0,0,0,0,0
ISYNA1,0,0,0,0,0,1,0,0,0,0
CDCP1,1,0,0,0,0,0,0,0,0,0
PHACTR2,0,0,0,1,0,0,0,0,0,0
MSN,0,0,1,0,0,0,0,0,0,0
PDLIM7,1,0,0,0,0,0,0,0,0,0
TRIM2,1,0,0,0,0,0,0,0,0,0
CD53,0,0,1,0,0,0,0,0,0,0
MEGF6,0,0,0,0,0,0,0,0,1,0
ADM,0,0,1,0,0,0,0,0,0,0
IER5L,0,0,0,0,0,0,1,0,0,0
TSTA3,1,0,0,0,0,0,0,0,0,0
ACSS1,0,0,0,0,0,1,0,0,0,0
SCARF1,0,0,0,0,1,0,0,0,0,0
KLF12,0,1,0,0,0,0,0,0,0,0
SDC3,0,0,0,0,0,0,0,0,0,1
TNFRSF1B,0,0,1,0,0,0,0,0,0,0
SPON2,0,1,0,0,0,0,0,0,0,0
INO80D,0,0,0,1,0,0,0,0,0,0
GPR34,0,0,1,0,0,0,0,0,0,0
FMO5,0,0,0,0,0,1,0,0,0,0
B4GALNT3,1,0,0,0,0,0,0,0,0,0
SMCHD1,0,0,0,1,0,0,0,0,0,0
CEL,0,0,0,0,0,1,0,0,0,0
F13A1,0,0,1,0,0,0,0,0,0,0
LIMCH1,0,0,0,0,1,0,0,0,0,0
LAMA5,1,0,0,0,0,0,0,0,0,0
AIF1,0,0,1,0,0,0,0,0,0,0
ARID5A,0,0,0,0,1,0,0,0,0,0
OGFRL1,0,0,1,0,0,0,0,0,0,0
AZGP1,0,0,0,0,0,0,1,0,0,0
ATF7IP2,0,0,0,0,0,1,0,0,0,0
RASGRP3,0,0,0,0,1,0,0,0,0,0
HSD17B2,1,0,0,0,0,0,0,0,0,0
VEGFC,0,0,0,0,1,0,0,0,0,0
CEACAM1,1,0,0,0,0,0,0,0,0,0
COL17A1,1,0,0,0,0,0,0,0,0,0
SAP30,0,0,0,0,0,0,0,0,0,1
CAPN5,1,0,0,0,0,0,0,0,0,0
PARP8,0,0,0,1,0,0,0,0,0,0
TSGA10,0,0,0,0,0,1,0,0,0,0
P4HA1,0,0,1,0,0,0,0,0,0,0
ACSM3,0,0,0,0,0,1,0,0,0,0
PLA2R1,0,0,0,0,0,0,0,0,1,0
LCK,0,0,0,1,0,0,0,0,0,0
ITPKC,0,0,0,0,0,0,0,0,1,0
CDC42EP3,0,0,0,0,1,0,0,0,0,0
ITGA1,0,1,0,0,0,0,0,0,0,0
EMILIN1,0,1,0,0,0,0,0,0,0,0
KIF26B,0,1,0,0,0,0,0,0,0,0
PARVB,0,0,1,0,0,0,0,0,0,0
HCST,0,0,0,1,0,0,0,0,0,0
ADAMTS1,0,1,0,0,0,0,0,0,0,0
SYK,0,0,1,0,0,0,0,0,0,0
EPB41L1,1,0,0,0,0,0,0,0,0,0
SAMHD1,0,1,0,0,0,0,0,0,0,0
SLA,0,0,1,0,0,0,0,0,0,0
CD52,0,0,0,1,0,0,0,0,0,0
PHACTR1,0,0,1,0,0,0,0,0,0,0
ARL4C,0,0,0,1,0,0,0,0,0,0
GXYLT2,0,1,0,0,0,0,0,0,0,0
SYAP1,0,0,0,0,0,0,1,0,0,0
KLRB1,0,0,0,1,0,0,0,0,0,0
OSBPL1A,0,0,1,0,0,0,0,0,0,0
HSPH1,0,0,0,1,0,0,0,0,0,0
ATP8B4,0,0,1,0,0,0,0,0,0,0
STMN1,0,0,0,0,0,0,1,0,0,0
CREG1,0,0,1,0,0,0,0,0,0,0
RIN3,0,0,1,0,0,0,0,0,0,0
LRRC8A,1,0,0,0,0,0,0,0,0,0
MBOAT2,1,0,0,0,0,0,0,0,0,0
KDR,0,0,0,0,1,0,0,0,0,0
RDH10,0,0,0,0,0,0,1,0,0,0
EFEMP2,0,1,0,0,0,0,0,0,0,0
NOSTRIN,1,0,0,0,0,0,0,0,0,0
PLXND1,0,0,1,0,0,0,0,0,0,0
DPT,0,1,0,0,0,0,0,0,0,0
CST7,0,0,0,1,0,0,0,0,0,0
KLK1,0,0,0,0,0,0,1,0,0,0
C15orf48,1,0,0,0,0,0,0,0,0,0
STXBP5,0,0,0,0,0,0,0,1,0,0
PDGFB,0,0,0,0,1,0,0,0,0,0
SOD3,0,1,0,0,0,0,0,0,0,0
CCL5,0,0,0,1,0,0,0,0,0,0
KCNK6,0,0,0,0,0,0,0,0,1,0
SDCBP,0,0,1,0,0,0,0,0,0,0
PIK3R5,0,0,1,0,0,0,0,0,0,0
LAMB3,1,0,0,0,0,0,0,0,0,0
DUSP1,0,0,1,0,0,0,0,0,0,0
CREM,0,0,0,1,0,0,0,0,0,0
FOXO3,0,1,0,0,0,0,0,0,0,0
FAM53C,0,0,0,0,0,0,1,0,0,0
C1QB,0,0,1,0,0,0,0,0,0,0
A2M,0,1,0,0,0,0,0,0,0,0
KLF7,0,0,0,0,1,0,0,0,0,0
ADGRF5,0,0,0,0,1,0,0,0,0,0
TRAF3IP2-AS1,0,0,0,0,0,0,0,1,0,0
CPEB4,0,0,1,0,0,0,0,0,0,0
EPHA3,0,1,0,0,0,0,0,0,0,0
BACH1,0,0,1,0,0,0,0,0,0,0
ZNF622,0,0,0,0,0,0,1,0,0,0
SORBS2,1,0,0,0,0,0,0,0,0,0
PPP1R9A,1,0,0,0,0,0,0,0,0,0
STOM,0,1,0,0,0,0,0,0,0,0
KLHL29,0,0,0,0,0,0,0,1,0,0
NR5A2,0,0,0,1,0,0,0,0,0,0
ELL2,0,1,0,0,0,0,0,0,0,0
CHDH,0,0,0,0,0,1,0,0,0,0
C1orf54,0,0,0,0,1,0,0,0,0,0
CPA1,0,0,0,0,0,1,0,0,0,0
PIK3R1,0,0,0,1,0,0,0,0,0,0
RBP1,0,0,0,0,0,1,0,0,0,0
ANXA6,0,1,0,0,0,0,0,0,0,0
CLDN4,1,0,0,0,0,0,0,0,0,0
NPC2,0,1,0,0,0,0,0,0,0,0
PLEKHS1,0,0,0,0,0,1,0,0,0,0
IGF2BP2,1,0,0,0,0,0,0,0,0,0
ABR,0,0,1,0,0,0,0,0,0,0
HLA-DMB,0,0,1,0,0,0,0,0,0,0
PDE7A,0,0,0,1,0,0,0,0,0,0
TGFBR1,0,0,1,0,0,0,0,0,0,0
KCNN3,0,0,0,0,1,0,0,0,0,0
MKNK2,0,0,0,0,0,0,1,0,0,0
SLIT3,0,1,0,0,0,0,0,0,0,0
LTB,0,0,0,1,0,0,0,0,0,0
TMEM176A,1,0,0,0,0,0,0,0,0,0
AKAP7,0,0,0,0,0,1,0,0,0,0
PIM3,0,0,0,0,1,0,0,0,0,0
HSPA4L,0,0,0,0,0,1,0,0,0,0
ITGA3,1,0,0,0,0,0,0,0,0,0
MCTP2,0,0,0,1,0,0,0,0,0,0
CTRB1,0,0,0,0,0,1,0,0,0,0
NPAS2,1,0,0,0,0,0,0,0,0,0
ID4,0,1,0,0,0,0,0,0,0,0
ACSL5,1,0,0,0,0,0,0,0,0,0
SEMA6A,0,0,0,0,0,1,0,0,0,0
TACSTD2,1,0,0,0,0,0,0,0,0,0
SLC24A3,0,1,0,0,0,0,0,0,0,0
SPON1,0,0,0,0,0,0,0,1,0,0
GALNT12,1,0,0,0,0,0,0,0,0,0
SFRP4,0,1,0,0,0,0,0,0,0,0
TNS3,0,0,1,0,0,0,0,0,0,0
PLEC,1,0,0,0,0,0,0,0,0,0
PLK3,0,0,0,1,0,0,0,0,0,0
CORO2A,1,0,0,0,0,0,0,0,0,0
STEAP2,1,0,0,0,0,0,0,0,0,0
JAM3,0,1,0,0,0,0,0,0,0,0
CX3CL1,0,0,0,0,1,0,0,0,0,0
GFPT2,0,1,0,0,0,0,0,0,0,0
TINAGL1,1,0,0,0,0,0,0,0,0,0
NINJ1,0,0,1,0,0,0,0,0,0,0
PLD1,1,0,0,0,0,0,0,0,0,0
APBB2,0,1,0,0,0,0,0,0,0,0
ARL14,1,0,0,0,0,0,0,0,0,0
DCLK2,0,1,0,0,0,0,0,0,0,0
APOD,0,1,0,0,0,0,0,0,0,0
DCN,1,0,0,0,0,0,0,0,0,0
EPB41L3,0,0,1,0,0,0,0,0,0,0
MUC6,0,0,0,0,0,1,0,0,0,0
FOXQ1,1,0,0,0,0,0,0,0,0,0
CTSD,0,0,1,0,0,0,0,0,0,0
SWAP70,0,0,1,0,0,0,0,0,0,0
CTIF,0,1,0,0,0,0,0,0,0,0
IFI6,1,0,0,0,0,0,0,0,0,0
CD48,0,0,0,1,0,0,0,0,0,0
C1S,0,1,0,0,0,0,0,0,0,0
COL1A1,1,0,0,0,0,0,0,0,0,0
ANKH,0,1,0,0,0,0,0,0,0,0
ZCCHC24,0,1,0,0,0,0,0,0,0,0
SH2B3,0,0,1,0,0,0,0,0,0,0
TMC7,0,0,0,0,0,0,0,0,1,0
RUNX1,0,1,0,0,0,0,0,0,0,0
FBLN2,0,1,0,0,0,0,0,0,0,0
CDK14,0,1,0,0,0,0,0,0,0,0
MAF,0,0,0,1,0,0,0,0,0,0
MMP7,1,0,0,0,0,0,0,0,0,0
PKHD1,1,0,0,0,0,0,0,0,0,0
OAT,0,0,0,0,0,0,1,0,0,0
HECA,0,0,0,0,1,0,0,0,0,0
PLEK2,1,0,0,0,0,0,0,0,0,0
CD44,0,0,1,0,0,0,0,0,0,0
CTSL,0,1,0,0,0,0,0,0,0,0
CELA2A,0,0,0,0,0,1,0,0,0,0
CCND3,0,0,0,1,0,0,0,0,0,0
ATP13A3,0,0,1,0,0,0,0,0,0,0
PTGS2,0,0,1,0,0,0,0,0,0,0
MGAT4A,0,0,1,0,0,0,0,0,0,0
CACNA2D1,0,1,0,0,0,0,0,0,0,0
MSR1,0,0,1,0,0,0,0,0,0,0
SORL1,0,0,1,0,0,0,0,0,0,0
REG1A,0,0,0,0,0,1,0,0,0,0
MYEOV,1,0,0,0,0,0,0,0,0,0
OCIAD2,1,0,0,0,0,0,0,0,0,0
PPARGC1A,0,0,0,0,0,1,0,0,0,0
PLA2G1B,0,0,0,0,0,1,0,0,0,0
SH2D3A,0,0,0,0,0,0,0,0,1,0
EPB41,0,0,0,1,0,0,0,0,0,0
MYO9B,0,1,0,0,0,0,0,0,0,0
FGD5,0,0,0,0,1,0,0,0,0,0
NCOA7,0,0,0,0,1,0,0,0,0,0
GPX3,0,0,0,0,0,1,0,0,0,0
HPCAL1,0,0,0,0,1,0,0,0,0,0
SLC2A1,1,0,0,0,0,0,0,0,0,0
FNBP1,0,0,0,0,1,0,0,0,0,0
DNAJB4,0,0,0,0,0,0,1,0,0,0
IQGAP2,0,0,1,0,0,0,0,0,0,0
CPVL,0,0,1,0,0,0,0,0,0,0
MARCKSL1,1,0,0,0,0,0,0,0,0,0
FAM117B,0,0,0,0,0,1,0,0,0,0
CTTNBP2,0,0,0,0,0,1,0,0,0,0
FABP5,0,0,1,0,0,0,0,0,0,0
UGT2B15,0,0,0,0,0,1,0,0,0,0
HYAL2,0,0,0,0,1,0,0,0,0,0
TTC28,0,1,0,0,0,0,0,0,0,0
ACER3,0,0,1,0,0,0,0,0,0,0
CRIP1,0,0,0,0,0,0,1,0,0,0
FAAH2,0,0,0,1,0,0,0,0,0,0
VEGFA,1,0,0,0,0,0,0,0,0,0
RNF43,0,0,0,0,0,1,0,0,0,0
GSDMB,0,0,0,0,0,0,0,0,1,0
ABHD17C,1,0,0,0,0,0,0,0,0,0
PIK3AP1,0,0,1,0,0,0,0,0,0,0
NRP2,0,1,0,0,0,0,0,0,0,0
PNLIP,0,0,0,0,0,1,0,0,0,0
DSTN,1,0,0,0,0,0,0,0,0,0
RGS17,0,0,0,0,0,1,0,0,0,0
SCCPDH,1,0,0,0,0,0,0,0,0,0
ZFAND2A,0,0,0,0,0,0,1,0,0,0
KCNK5,0,0,0,0,0,1,0,0,0,0
SLC15A1,0,0,0,0,0,1,0,0,0,0
IFI44L,0,0,0,0,1,0,0,0,0,0
CLEC11A,0,1,0,0,0,0,0,0,0,0
EVL,0,0,0,0,1,0,0,0,0,0
FGFR2,0,0,0,0,0,1,0,0,0,0
RAB31,0,1,0,0,0,0,0,0,0,0
SDC2,0,1,0,0,0,0,0,0,0,0
CDKN1A,0,0,1,0,0,0,0,0,0,0
COBL,1,0,0,0,0,0,0,0,0,0
FXYD1,0,1,0,0,0,0,0,0,0,0
MST1R,1,0,0,0,0,0,0,0,0,0
ELN,0,1,0,0,0,0,0,0,0,0
JDP2,0,0,1,0,0,0,0,0,0,0
NDN,0,1,0,0,0,0,0,0,0,0
ARHGEF38,1,0,0,0,0,0,0,0,0,0
DZIP1,0,0,0,0,0,1,0,0,0,0
AGR3,1,0,0,0,0,0,0,0,0,0
NDRG1,1,0,0,0,0,0,0,0,0,0
VILL,1,0,0,0,0,0,0,0,0,0
SH2D3C,0,0,0,0,1,0,0,0,0,0
YWHAH,0,0,1,0,0,0,0,0,0,0
NRARP,0,0,0,0,0,0,1,0,0,0
ARHGAP26,1,0,0,0,0,0,0,0,0,0
SLC15A3,0,0,1,0,0,0,0,0,0,0
NSUN7,0,0,0,0,0,1,0,0,0,0
NET1,1,0,0,0,0,0,0,0,0,0
SULF2,1,0,0,0,0,0,0,0,0,0
C11orf80,0,0,0,1,0,0,0,0,0,0
ARAP3,0,0,0,0,1,0,0,0,0,0
AHR,1,0,0,0,0,0,0,0,0,0
HES4,1,0,0,0,0,0,0,0,0,0
S100P,1,0,0,0,0,0,0,0,0,0
C12orf75,1,0,0,0,0,0,0,0,0,0
PTPRG,0,1,0,0,0,0,0,0,0,0
MS4A7,0,0,1,0,0,0,0,0,0,0
PROX1,0,0,0,0,0,1,0,0,0,0
MAP2K3,0,0,0,0,0,0,0,1,0,0
CCDC88A,0,0,1,0,0,0,0,0,0,0
PRRX1,0,1,0,0,0,0,0,0,0,0
PXDN,0,1,0,0,0,0,0,0,0,0
FSTL3,0,0,0,0,0,0,1,0,0,0
CADPS2,0,0,0,0,0,0,0,1,0,0
CRYAB,0,0,0,0,0,1,0,0,0,0
SLC1A3,0,0,1,0,0,0,0,0,0,0
BOC,0,1,0,0,0,0,0,0,0,0
MYOM1,0,0,0,0,0,1,0,0,0,0
PHLDB2,0,1,0,0,0,0,0,0,0,0
RNF130,0,0,1,0,0,0,0,0,0,0
PLD4,0,0,0,0,0,0,0,0,0,1
ERN2,1,0,0,0,0,0,0,0,0,0
C1R,1,0,0,0,0,0,0,0,0,0
CIITA,0,0,1,0,0,0,0,0,0,0
ONECUT2,1,0,0,0,0,0,0,0,0,0
LOX,0,1,0,0,0,0,0,0,0,0
MLLT3,0,0,0,1,0,0,0,0,0,0
GZMK,0,0,0,1,0,0,0,0,0,0
GATA2,0,0,0,0,0,0,1,0,0,0
CXCL2,0,0,1,0,0,0,0,0,0,0
COL8A1,0,1,0,0,0,0,0,0,0,0
IL32,0,0,0,1,0,0,0,0,0,0
GYPC,0,0,0,1,0,0,0,0,0,0
TRPV6,0,0,0,0,0,1,0,0,0,0
ARHGEF15,0,0,0,0,1,0,0,0,0,0
FSCN1,0,0,0,0,1,0,0,0,0,0
F2R,0,1,0,0,0,0,0,0,0,0
GALM,0,0,0,0,0,0,0,0,0,1
MRC2,0,1,0,0,0,0,0,0,0,0
IDI1,0,0,0,0,0,0,1,0,0,0
NUAK1,0,1,0,0,0,0,0,0,0,0
CMTM7,0,0,0,0,0,1,0,0,0,0
SYT8,1,0,0,0,0,0,0,0,0,0
AMN,1,0,0,0,0,0,0,0,0,0
PADI1,0,0,0,1,0,0,0,0,0,0
CSRP1,0,1,0,0,0,0,0,0,0,0
GADD45A,0,0,0,1,0,0,0,0,0,0
WFDC2,1,0,0,0,0,0,0,0,0,0
HSPE1,0,0,0,0,0,0,1,0,0,0
FBXO32,0,1,0,0,0,0,0,0,0,0
ETS1,0,0,0,1,0,0,0,0,0,0
SH3D19,1,0,0,0,0,0,0,0,0,0
NKG7,0,0,0,1,0,0,0,0,0,0
FLNA,0,1,0,0,0,0,0,0,0,0
NR2F1,0,1,0,0,0,0,0,0,0,0
NLRC5,0,0,0,0,1,0,0,0,0,0
MED29,0,0,0,0,0,0,1,0,0,0
EFHD2,0,0,1,0,0,0,0,0,0,0
HMGB2,0,0,0,1,0,0,0,0,0,0
TFF2,1,0,0,0,0,0,0,0,0,0
ITGBL1,0,1,0,0,0,0,0,0,0,0
KALRN,0,1,0,0,0,0,0,0,0,0
PKP3,1,0,0,0,0,0,0,0,0,0
BICD1,0,0,0,0,0,0,0,1,0,0
MAFB,0,0,1,0,0,0,0,0,0,0
AREG,0,0,0,1,0,0,0,0,0,0
SAV1,0,0,0,0,0,0,1,0,0,0
CGNL1,0,0,0,0,0,1,0,0,0,0
HK2,0,0,1,0,0,0,0,0,0,0
RHOG,0,0,1,0,0,0,0,0,0,0
IER2,0,0,1,0,0,0,0,0,0,0
SYCN,0,0,0,0,0,0,1,0,0,0
KDM6B,0,0,1,0,0,0,0,0,0,0
TMPRSS2,1,0,0,0,0,0,0,0,0,0
VCAN,0,1,0,0,0,0,0,0,0,0
CADM1,0,0,0,0,0,1,0,0,0,0
KANK2,0,1,0,0,0,0,0,0,0,0
AMBP,0,0,0,0,0,1,0,0,0,0
TPST2,0,0,0,0,0,0,0,0,1,0
LBH,0,0,0,1,0,0,0,0,0,0
ABCA5,0,0,0,0,0,1,0,0,0,0
HLA-DPB1,0,0,1,0,0,0,0,0,0,0
RASSF3,0,0,0,0,1,0,0,0,0,0
SLC22A23,0,0,0,0,0,1,0,0,0,0
ADAM15,1,0,0,0,0,0,0,0,0,0
PRKG1,0,1,0,0,0,0,0,0,0,0
PAG1,0,0,1,0,0,0,0,0,0,0
SIRPA,0,0,1,0,0,0,0,0,0,0
IRF1,0,0,0,1,0,0,0,0,0,0
NR3C1,0,0,0,1,0,0,0,0,0,0
MSRB3,0,1,0,0,0,0,0,0,0,0
SLC17A4,0,0,0,0,0,1,0,0,0,0
DOK5,0,0,0,0,0,0,0,1,0,0
HOPX,0,0,0,1,0,0,0,0,0,0
PTPN13,0,0,0,0,0,0,0,1,0,0
HIVEP1,0,0,0,0,0,0,0,0,1,0
SEMA3C,1,0,0,0,0,0,0,0,0,0
MUC1,1,0,0,0,0,0,0,0,0,0
MET,1,0,0,0,0,0,0,0,0,0
CD247,0,0,0,1,0,0,0,0,0,0
CD69,0,0,0,1,0,0,0,0,0,0
SLC25A37,1,0,0,0,0,0,0,0,0,0
ITPR3,1,0,0,0,0,0,0,0,0,0
HCFC1R1,0,1,0,0,0,0,0,0,0,0
DUSP5,0,0,0,0,0,0,1,0,0,0
FGF7,0,1,0,0,0,0,0,0,0,0
ARHGAP15,0,0,1,0,0,0,0,0,0,0
GRB7,1,0,0,0,0,0,0,0,0,0
LRRK1,0,0,0,0,0,0,0,0,1,0
PIGR,1,0,0,0,0,0,0,0,0,0
MEIS1,1,0,0,0,0,0,0,0,0,0
NR3C2,0,0,0,0,0,1,0,0,0,0
LOXL2,0,1,0,0,0,0,0,0,0,0
PARVG,0,0,1,0,0,0,0,0,0,0
TSPAN8,1,0,0,0,0,0,0,0,0,0
ASAH1,0,0,1,0,0,0,0,0,0,0
ROR2,0,1,0,0,0,0,0,0,0,0
SH3PXD2A,0,1,0,0,0,0,0,0,0,0
SLC16A7,0,0,0,1,0,0,0,0,0,0
GNLY,0,0,0,0,1,0,0,0,0,0
BCR,0,0,0,0,1,0,0,0,0,0
STC1,0,0,0,0,1,0,0,0,0,0
GGT5,0,1,0,0,0,0,0,0,0,0
ERP27,0,0,0,0,0,0,0,0,1,0
GPX8,0,1,0,0,0,0,0,0,0,0
ZNF117,0,0,0,0,0,0,0,0,1,0
FCHO2,0,0,1,0,0,0,0,0,0,0
S100A14,1,0,0,0,0,0,0,0,0,0
RGS10,0,0,1,0,0,0,0,0,0,0
SASH1,0,1,0,0,0,0,0,0,0,0
HES1,1,0,0,0,0,0,0,0,0,0
CD36,0,0,0,0,1,0,0,0,0,0
SMAP2,0,0,1,0,0,0,0,0,0,0
PRELP,0,1,0,0,0,0,0,0,0,0
ACACB,0,0,0,0,0,1,0,0,0,0
ERG,0,1,0,0,0,0,0,0,0,0
ANTXR2,0,0,0,1,0,0,0,0,0,0
LST1,0,0,1,0,0,0,0,0,0,0
NDRG2,0,0,0,0,0,1,0,0,0,0
CASP8,0,0,0,1,0,0,0,0,0,0
HPGDS,0,0,0,0,0,0,1,0,0,0
CLDN10,1,0,0,0,0,0,0,0,0,0
EMB,0,0,0,1,0,0,0,0,0,0
GRB14,0,0,0,0,0,1,0,0,0,0
CNN1,0,1,0,0,0,0,0,0,0,0
IGFBP6,1,0,0,0,0,0,0,0,0,0
SPARCL1,0,1,0,0,0,0,0,0,0,0
RNASE1,0,0,1,0,0,0,0,0,0,0
SCNN1A,1,0,0,0,0,0,0,0,0,0
NCF2,0,0,1,0,0,0,0,0,0,0
RNF144B,0,0,1,0,0,0,0,0,0,0
PITX1,1,0,0,0,0,0,0,0,0,0
IDH1,0,0,1,0,0,0,0,0,0,0
RGS1,0,0,1,0,0,0,0,0,0,0
HLA-DOA,0,0,0,0,0,0,0,0,0,1
PKIG,0,1,0,0,0,0,0,0,0,0
TNRC6C,0,0,0,0,0,0,0,1,0,0
TLR2,0,0,1,0,0,0,0,0,0,0
CAPRIN2,0,0,0,0,0,0,0,0,1,0
CTSH,1,0,0,0,0,0,0,0,0,0
COL11A1,0,1,0,0,0,0,0,0,0,0
DTNB,0,0,0,0,0,1,0,0,0,0
RAP1GAP,0,0,0,0,0,1,0,0,0,0
NNMT,1,0,0,0,0,0,0,0,0,0
NFKBIZ,0,0,1,0,0,0,0,0,0,0
DLG2,0,1,0,0,0,0,0,0,0,0
KLF5,1,0,0,0,0,0,0,0,0,0
ZFHX4,0,1,0,0,0,0,0,0,0,0
RORA,0,1,0,0,0,0,0,0,0,0
FMNL3,0,0,0,0,0,0,0,0,0,1
COL6A2,0,1,0,0,0,0,0,0,0,0
PSAP,0,1,0,0,0,0,0,0,0,0
GNG2,0,0,0,0,1,0,0,0,0,0
SORBS3,0,0,0,0,0,0,0,0,0,1
NHSL2,0,1,0,0,0,0,0,0,0,0
RNF125,0,0,0,0,1,0,0,0,0,0
AQP1,0,0,0,0,1,0,0,0,0,0
RUSC2,0,0,0,0,0,0,0,1,0,0
ANKRD37,0,0,0,0,0,0,1,0,0,0
HLA-DRB5,0,0,1,0,0,0,0,0,0,0
MACC1,1,0,0,0,0,0,0,0,0,0
SPINT1,1,0,0,0,0,0,0,0,0,0
DNAH14,0,0,0,0,0,1,0,0,0,0
LHFPL6,0,1,0,0,0,0,0,0,0,0
TUBB6,0,1,0,0,0,0,0,0,0,0
ITGB4,1,0,0,0,0,0,0,0,0,0
MS4A4A,0,0,1,0,0,0,0,0,0,0
PDLIM3,0,1,0,0,0,0,0,0,0,0
F3,1,0,0,0,0,0,0,0,0,0
RARRES2,1,0,0,0,0,0,0,0,0,0
TGFB1,0,0,0,1,0,0,0,0,0,0
PDE3A,0,1,0,0,0,0,0,0,0,0
CLEC2D,0,0,0,1,0,0,0,0,0,0
ODC1,0,0,0,0,0,0,1,0,0,0
MANBA,0,0,1,0,0,0,0,0,0,0
CERCAM,0,1,0,0,0,0,0,0,0,0
CD81,0,1,0,0,0,0,0,0,0,0
MMP19,0,1,0,0,0,0,0,0,0,0
CNN3,1,0,0,0,0,0,0,0,0,0
B4GALT1,0,0,1,0,0,0,0,0,0,0
LNX1,0,0,0,0,0,1,0,0,0,0
ITSN1,0,0,0,0,0,0,0,0,1,0
CSGALNACT1,0,0,0,0,1,0,0,0,0,0
SLC4A4,1,0,0,0,0,0,0,0,0,0
ABLIM1,1,0,0,0,0,0,0,0,0,0
MOXD1,0,1,0,0,0,0,0,0,0,0
PLAC9,0,1,0,0,0,0,0,0,0,0
CTRB2,0,0,0,0,0,1,0,0,0,0
EPHX1,0,0,0,0,0,1,0,0,0,0
MIB1,1,0,0,0,0,0,0,0,0,0
PLAT,1,0,0,0,0,0,0,0,0,0
PCSK5,0,0,0,1,0,0,0,0,0,0
PDCL3,0,0,0,0,0,0,1,0,0,0
CLEC14A,0,0,0,0,1,0,0,0,0,0
CTHRC1,0,1,0,0,0,0,0,0,0,0
CADPS,0,0,0,0,0,1,0,0,0,0
AK9,0,0,0,0,0,1,0,0,0,0
LILRB2,0,0,1,0,0,0,0,0,0,0
CRY1,0,0,0,0,0,0,0,1,0,0
ZNF331,0,0,1,0,0,0,0,0,0,0
EHD4,0,0,0,0,1,0,0,0,0,0
HSPD1,0,0,0,1,0,0,0,0,0,0
MFGE8,0,1,0,0,0,0,0,0,0,0
SLC40A1,1,0,0,0,0,0,0,0,0,0
MYC,0,0,0,0,1,0,0,0,0,0
NR2F2-AS1,0,1,0,0,0,0,0,0,0,0
COL16A1,0,1,0,0,0,0,0,0,0,0
ARHGAP10,0,1,0,0,0,0,0,0,0,0
PTPRN2,1,0,0,0,0,0,0,0,0,0
SNCG,0,0,0,0,1,0,0,0,0,0
KIF12,0,0,0,0,0,1,0,0,0,0
PRR16,0,1,0,0,0,0,0,0,0,0
SEZ6L2,1,0,0,0,0,0,0,0,0,0
SPRY4,0,0,0,0,1,0,0,0,0,0
COBLL1,1,0,0,0,0,0,0,0,0,0
APBB1IP,0,0,1,0,0,0,0,0,0,0
MXRA7,0,1,0,0,0,0,0,0,0,0
SOX6,0,0,0,0,0,1,0,0,0,0
GPRC5A,1,0,0,0,0,0,0,0,0,0
FUT8,0,0,0,0,0,0,0,0,1,0
CD109,0,0,0,0,0,0,0,0,0,1
CDC42SE2,0,0,0,1,0,0,0,0,0,0
ALDH1A1,1,0,0,0,0,0,0,0,0,0
MAOA,0,0,0,0,0,1,0,0,0,0
DAB2,0,1,0,0,0,0,0,0,0,0
CSF1,0,0,0,0,0,0,1,0,0,0
TFF3,1,0,0,0,0,0,0,0,0,0
COMP,0,1,0,0,0,0,0,0,0,0
GBP2,0,0,0,0,1,0,0,0,0,0
CST3,1,0,0,0,0,0,0,0,0,0
OLFM4,1,0,0,0,0,0,0,0,0,0
SDR16C5,1,0,0,0,0,0,0,0,0,0
MYO1F,0,0,1,0,0,0,0,0,0,0
LIPA,0,0,1,0,0,0,0,0,0,0
CD7,0,0,0,1,0,0,0,0,0,0
ADAM12,0,1,0,0,0,0,0,0,0,0
KCTD12,0,0,1,0,0,0,0,0,0,0
SOCS3,0,1,0,0,0,0,0,0,0,0
EGFL7,0,0,0,0,1,0,0,0,0,0
IL20RA,0,0,0,0,0,1,0,0,0,0
COL5A2,0,1,0,0,0,0,0,0,0,0
THSD7A,0,0,0,0,1,0,0,0,0,0
CRB3,0,0,0,0,0,0,1,0,0,0
CREBL2,0,0,0,0,0,0,0,0,0,1
LDHB,0,0,0,1,0,0,0,0,0,0
RILPL2,0,0,1,0,0,0,0,0,0,0
SERTAD1,0,0,0,1,0,0,0,0,0,0
EFNA1,1,0,0,0,0,0,0,0,0,0
ATP11C,0,0,0,0,1,0,0,0,0,0
CCR7,0,0,0,0,0,0,0,0,0,1
HLA-DQA1,0,0,1,0,0,0,0,0,0,0
SEMA3F,0,0,0,0,1,0,0,0,0,0
XAF1,0,0,1,0,0,0,0,0,0,0
OLR1,0,0,1,0,0,0,0,0,0,0
PFKFB3,0,0,1,0,0,0,0,0,0,0
ST8SIA4,0,0,0,0,1,0,0,0,0,0
APOE,0,0,1,0,0,0,0,0,0,0
PLAUR,0,0,1,0,0,0,0,0,0,0
LPCAT2,0,0,1,0,0,0,0,0,0,0
PTK7,0,1,0,0,0,0,0,0,0,0
GCNT3,1,0,0,0,0,0,0,0,0,0
LIMS1,0,1,0,0,0,0,0,0,0,0
CACNA1D,0,0,0,0,0,1,0,0,0,0
GPR183,0,0,1,0,0,0,0,0,0,0
CCDC69,0,0,0,0,1,0,0,0,0,0
ARHGAP44,0,0,0,0,0,1,0,0,0,0
UCP2,0,0,0,0,0,0,0,0,0,1
NPNT,1,0,0,0,0,0,0,0,0,0
PHLDA1,0,1,0,0,0,0,0,0,0,0
FPR3,0,0,1,0,0,0,0,0,0,0
RGCC,0,0,0,1,0,0,0,0,0,0
CTSS,0,0,1,0,0,0,0,0,0,0
DPH6,0,0,0,0,0,1,0,0,0,0
LITAF,0,0,1,0,0,0,0,0,0,0
MMP1,1,0,0,0,0,0,0,0,0,0
THEMIS2,0,0,1,0,0,0,0,0,0,0
PDZK1IP1,1,0,0,0,0,0,0,0,0,0
CSF3R,0,0,1,0,0,0,0,0,0,0
FUOM,0,0,0,0,0,0,0,0,0,1
FAM107B,0,0,0,1,0,0,0,0,0,0
SAT1,0,0,1,0,0,0,0,0,0,0
PRKD1,0,0,0,0,0,0,0,1,0,0
COMMD10,0,0,0,0,0,1,0,0,0,0
SLC1A1,1,0,0,0,0,0,0,0,0,0
SAMSN1,0,0,1,0,0,0,0,0,0,0
FN1,0,1,0,0,0,0,0,0,0,0
MYCT1,0,0,0,0,1,0,0,0,0,0
TFEC,0,0,1,0,0,0,0,0,0,0
TNIK,0,0,0,1,0,0,0,0,0,0
TAP1,0,0,0,0,1,0,0,0,0,0
TMEM70,0,0,0,0,0,0,0,0,0,1
PIK3R3,0,0,0,0,1,0,0,0,0,0
DUOX2,1,0,0,0,0,0,0,0,0,0
KPNA2,0,0,0,0,0,0,0,0,0,1
HOMER1,0,0,0,0,0,0,0,1,0,0
LGALS4,1,0,0,0,0,0,0,0,0,0
GLT8D2,0,1,0,0,0,0,0,0,0,0
PLEK,0,0,1,0,0,0,0,0,0,0
ABCC9,0,1,0,0,0,0,0,0,0,0
GALNT10,0,0,0,0,0,0,0,0,1,0
SRGAP1,0,1,0,0,0,0,0,0,0,0
MPZL2,1,0,0,0,0,0,0,0,0,0
PLS3,1,0,0,0,0,0,0,0,0,0
NUDT4,0,0,0,0,0,0,1,0,0,0
NFIB,1,0,0,0,0,0,0,0,0,0
RAB27B,1,0,0,0,0,0,0,0,0,0
LAD1,1,0,0,0,0,0,0,0,0,0
GPX2,1,0,0,0,0,0,0,0,0,0
PLAGL1,0,1,0,0,0,0,0,0,0,0
KLF4,0,0,1,0,0,0,0,0,0,0
ITGAM,0,0,1,0,0,0,0,0,0,0
STK4,0,0,0,1,0,0,0,0,0,0
FABP3,0,0,0,0,0,0,0,0,0,1
CD9,1,0,0,0,0,0,0,0,0,0
ALAS1,0,0,0,0,0,0,1,0,0,0
HNMT,1,0,0,0,0,0,0,0,0,0
PRSS8,1,0,0,0,0,0,0,0,0,0
ATP10A,0,1,0,0,0,0,0,0,0,0
IMPA2,0,0,0,0,0,1,0,0,0,0
COX7A1,0,1,0,0,0,0,0,0,0,0
ENTPD1,0,0,1,0,0,0,0,0,0,0
FERMT3,0,0,1,0,0,0,0,0,0,0
THY1,0,1,0,0,0,0,0,0,0,0
TSPAN13,1,0,0,0,0,0,0,0,0,0
CHRM3,0,0,0,0,0,1,0,0,0,0
BCAT1,0,0,1,0,0,0,0,0,0,0
ZG16B,1,0,0,0,0,0,0,0,0,0
TRAM2,0,1,0,0,0,0,0,0,0,0
CLEC7A,0,0,1,0,0,0,0,0,0,0
AEBP1,0,1,0,0,0,0,0,0,0,0
RHOB,1,0,0,0,0,0,0,0,0,0
EREG,0,0,1,0,0,0,0,0,0,0
SOX5,0,1,0,0,0,0,0,0,0,0
PPIF,0,0,1,0,0,0,0,0,0,0
BACE1,0,0,0,0,0,1,0,0,0,0
PPP2R3A,0,0,0,0,0,1,0,0,0,0
MEIS2,1,0,0,0,0,0,0,0,0,0
CCND2,0,0,0,1,0,0,0,0,0,0
TSPYL2,0,0,0,1,0,0,0,0,0,0
SLC9A9,0,1,0,0,0,0,0,0,0,0
BCAS1,1,0,0,0,0,0,0,0,0,0
COLEC12,0,0,0,0,0,0,0,0,0,1
NR1H4,0,0,0,0,0,1,0,0,0,0
TGM2,1,0,0,0,0,0,0,0,0,0
SLC3A2,0,0,0,0,0,0,1,0,0,0
LGALS1,0,1,0,0,0,0,0,0,0,0
LAIR1,0,0,1,0,0,0,0,0,0,0
ADAMDEC1,0,0,0,0,0,0,0,0,0,1
ABCC3,1,0,0,0,0,0,0,0,0,0
PLA2G10,1,0,0,0,0,0,0,0,0,0
NR4A2,0,0,0,1,0,0,0,0,0,0
RNF144A,0,1,0,0,0,0,0,0,0,0
CERS4,0,0,0,0,0,1,0,0,0,0
PLAU,0,1,0,0,0,0,0,0,0,0
UNC93B1,0,0,1,0,0,0,0,0,0,0
ENG,0,1,0,0,0,0,0,0,0,0
NES,0,0,0,0,1,0,0,0,0,0
CMTM3,0,0,0,1,0,0,0,0,0,0
LSP1,0,0,1,0,0,0,0,0,0,0
C19orf33,1,0,0,0,0,0,0,0,0,0
SLC6A6,0,0,0,0,0,0,0,0,1,0
IVNS1ABP,0,0,1,0,0,0,0,0,0,0
GATM,0,0,0,0,0,1,0,0,0,0
TREM2,0,0,1,0,0,0,0,0,0,0
RNF149,0,0,1,0,0,0,0,0,0,0
BMPR1B,0,0,0,0,0,0,0,1,0,0
LAMB1,0,1,0,0,0,0,0,0,0,0
KCNJ15,0,0,0,1,0,0,0,0,0,0
GJA1,0,1,0,0,0,0,0,0,0,0
SKAP1,0,0,0,1,0,0,0,0,0,0
AQP8,0,0,0,0,0,0,0,0,1,0
MLXIPL,0,0,0,0,0,1,0,0,0,0
SNX10,0,0,1,0,0,0,0,0,0,0
SELENOM,0,1,0,0,0,0,0,0,0,0
DDIT4,0,0,0,1,0,0,0,0,0,0
LY96,0,0,1,0,0,0,0,0,0,0
HLA-DQA2,0,0,1,0,0,0,0,0,0,0
SLC26A2,0,0,0,0,1,0,0,0,0,0
MCC,0,1,0,0,0,0,0,0,0,0
PLOD2,0,1,0,0,0,0,0,0,0,0
SYTL3,0,0,0,0,1,0,0,0,0,0
MZB1,0,0,0,0,0,0,0,0,0,1
HBEGF,0,0,1,0,0,0,0,0,0,0
CD59,1,0,0,0,0,0,0,0,0,0
HNF1B,0,0,0,1,0,0,0,0,0,0
DCBLD2,1,0,0,0,0,0,0,0,0,0
RASAL2,0,1,0,0,0,0,0,0,0,0
SOX4,1,0,0,0,0,0,0,0,0,0
REPS2,0,0,0,1,0,0,0,0,0,0
LYZ,1,0,0,0,0,0,0,0,0,0
GPRIN3,0,0,1,0,0,0,0,0,0,0
GCHFR,0,0,0,0,0,0,0,0,0,1
CSF1R,0,0,1,0,0,0,0,0,0,0
IKZF1,0,0,0,0,1,0,0,0,0,0
SCD5,0,0,0,0,0,1,0,0,0,0
CEBPB,0,1,0,0,0,0,0,0,0,0
CTSC,0,1,0,0,0,0,0,0,0,0
SHANK2,1,0,0,0,0,0,0,0,0,0
ITPRIP,0,0,0,0,1,0,0,0,0,0
TIPARP,0,0,0,1,0,0,0,0,0,0
MUC13,1,0,0,0,0,0,0,0,0,0
INSR,1,0,0,0,0,0,0,0,0,0
MAP3K8,0,0,1,0,0,0,0,0,0,0
SSR4,1,0,0,0,0,0,0,0,0,0
GCLC,0,0,0,0,0,0,0,0,0,1
CARD8,0,0,0,0,1,0,0,0,0,0
LRRC32,0,0,0,0,1,0,0,0,0,0
SIPA1L1,0,0,1,0,0,0,0,0,0,0
NEGR1,0,1,0,0,0,0,0,0,0,0
TBC1D8,0,0,0,1,0,0,0,0,0,0
SLC12A2,1,0,0,0,0,0,0,0,0,0
ITGB6,1,0,0,0,0,0,0,0,0,0
SSH2,0,0,1,0,0,0,0,0,0,0
DDX60L,0,0,1,0,0,0,0,0,0,0
PBX3,0,1,0,0,0,0,0,0,0,0
AFAP1,0,0,0,0,1,0,0,0,0,0
FAM171A1,0,0,0,0,0,1,0,0,0,0
PLXDC2,0,1,0,0,0,0,0,0,0,0
NID1,0,1,0,0,0,0,0,0,0,0
CD27,0,0,0,0,0,0,0,0,0,1
ZNF385D,0,0,0,0,1,0,0,0,0,0
ZBTB16,0,1,0,0,0,0,0,0,0,0
CFH,1,0,0,0,0,0,0,0,0,0
CAMK2D,0,1,0,0,0,0,0,0,0,0
RAPGEF4,0,0,0,0,1,0,0,0,0,0
MUC5B,1,0,0,0,0,0,0,0,0,0
UACA,1,0,0,0,0,0,0,0,0,0
HTRA1,0,1,0,0,0,0,0,0,0,0
KRT18,1,0,0,0,0,0,0,0,0,0
TGFBR3,0,0,0,0,1,0,0,0,0,0
ITGB8,1,0,0,0,0,0,0,0,0,0
CD93,0,0,1,0,0,0,0,0,0,0
RASEF,1,0,0,0,0,0,0,0,0,0
EGFR,1,0,0,0,0,0,0,0,0,0
PRSS1,0,0,0,0,0,1,0,0,0,0
GLUL,0,0,1,0,0,0,0,0,0,0
STK17B,0,0,0,1,0,0,0,0,0,0
BMP2K,0,0,1,0,0,0,0,0,0,0
RAP2B,0,0,1,0,0,0,0,0,0,0
S100B,0,0,0,0,0,0,0,0,0,1
MALL,1,0,0,0,0,0,0,0,0,0
LYPD6B,0,0,0,1,0,0,0,0,0,0
LMO7,1,0,0,0,0,0,0,0,0,0
NOX4,0,1,0,0,0,0,0,0,0,0
RHPN2,1,0,0,0,0,0,0,0,0,0
NTAN1,0,0,0,0,0,0,0,0,0,1
BTG2,0,0,0,1,0,0,0,0,0,0
LIMA1,1,0,0,0,0,0,0,0,0,0
GADD45G,0,0,0,0,0,0,1,0,0,0
GPC6,0,1,0,0,0,0,0,0,0,0
FXYD2,0,0,0,0,0,1,0,0,0,0
BID,0,0,1,0,0,0,0,0,0,0
FOS,0,0,1,0,0,0,0,0,0,0
GAS6,1,0,0,0,0,0,0,0,0,0
ADAM28,1,0,0,0,0,0,0,0,0,0
COL4A2,0,1,0,0,0,0,0,0,0,0
RANBP17,0,0,0,0,0,1,0,0,0,0
POU6F2,0,0,0,0,0,1,0,0,0,0
NR4A1,0,1,0,0,0,0,0,0,0,0
CARD11,0,0,0,1,0,0,0,0,0,0
C6,0,0,0,1,0,0,0,0,0,0
GMNN,0,0,0,0,0,1,0,0,0,0
PCOLCE,0,1,0,0,0,0,0,0,0,0
EIF4A3,0,0,0,1,0,0,0,0,0,0
ANK3,1,0,0,0,0,0,0,0,0,0
EMP3,0,0,1,0,0,0,0,0,0,0
HMOX1,0,0,1,0,0,0,0,0,0,0
TFRC,0,0,1,0,0,0,0,0,0,0
BLNK,0,0,0,0,0,1,0,0,0,0
FAT1,1,0,0,0,0,0,0,0,0,0
KLHL6,0,0,1,0,0,0,0,0,0,0
MYO5A,0,0,1,0,0,0,0,0,0,0
SLC41A2,1,0,0,0,0,0,0,0,0,0
ISG20,0,0,0,0,1,0,0,0,0,0
LGR4,1,0,0,0,0,0,0,0,0,0
TPM2,1,0,0,0,0,0,0,0,0,0
KCNMA1,0,0,1,0,0,0,0,0,0,0
PLA2G7,0,0,1,0,0,0,0,0,0,0
PLXNC1,0,0,1,0,0,0,0,0,0,0
C1QC,0,0,1,0,0,0,0,0,0,0
TOX,0,0,0,0,0,1,0,0,0,0
TREM1,0,0,1,0,0,0,0,0,0,0
NEURL1B,0,0,0,0,1,0,0,0,0,0
SH3BP5,0,1,0,0,0,0,0,0,0,0
GSE1,0,0,0,0,0,0,0,1,0,0
BGN,1,0,0,0,0,0,0,0,0,0
PTEN,0,1,0,0,0,0,0,0,0,0
CLEC2B,0,0,0,1,0,0,0,0,0,0
MSMO1,1,0,0,0,0,0,0,0,0,0
SLBP,0,0,0,0,0,0,1,0,0,0
REG4,1,0,0,0,0,0,0,0,0,0
SPOCK2,0,0,0,1,0,0,0,0,0,0
ARHGAP18,0,0,1,0,0,0,0,0,0,0
RAC2,0,0,0,1,0,0,0,0,0,0
PKD2,0,1,0,0,0,0,0,0,0,0
PRCP,0,0,1,0,0,0,0,0,0,0
SCPEP1,0,1,0,0,0,0,0,0,0,0
NXN,0,1,0,0,0,0,0,0,0,0
VSIG2,1,0,0,0,0,0,0,0,0,0
MFAP2,0,1,0,0,0,0,0,0,0,0
CPA2,0,0,0,0,0,1,0,0,0,0
LEPR,0,0,0,0,1,0,0,0,0,0
SDCBP2,1,0,0,0,0,0,0,0,0,0
ITGA11,0,1,0,0,0,0,0,0,0,0
SERINC2,1,0,0,0,0,0,0,0,0,0
ERBB2,1,0,0,0,0,0,0,0,0,0
CHPF,1,0,0,0,0,0,0,0,0,0
PRKAG2,0,0,1,0,0,0,0,0,0,0
SCN9A,0,0,0,0,0,1,0,0,0,0
SLIT2,0,1,0,0,0,0,0,0,0,0
EMP1,1,0,0,0,0,0,0,0,0,0
ERO1B,0,0,0,0,0,1,0,0,0,0
SPNS2,0,0,0,0,1,0,0,0,0,0
PLEKHA6,1,0,0,0,0,0,0,0,0,0
SFRP2,1,0,0,0,0,0,0,0,0,0
CCSER1,0,0,0,1,0,0,0,0,0,0
FGFR1,0,1,0,0,0,0,0,0,0,0
MAP2,0,0,0,0,0,1,0,0,0,0
KRT7,1,0,0,0,0,0,0,0,0,0
LIFR,0,0,0,0,1,0,0,0,0,0
RHOJ,0,0,0,0,1,0,0,0,0,0
BICC1,1,0,0,0,0,0,0,0,0,0
SLC44A4,1,0,0,0,0,0,0,0,0,0
ARHGDIB,0,0,0,1,0,0,0,0,0,0
CMTM8,0,0,0,0,0,1,0,0,0,0
PSMB9,0,0,0,0,1,0,0,0,0,0
ANGPT2,0,0,0,0,1,0,0,0,0,0
APOC1,0,0,1,0,0,0,0,0,0,0
IGFBP5,0,1,0,0,0,0,0,0,0,0
NAV3,0,1,0,0,0,0,0,0,0,0
ANKRD28,0,1,0,0,0,0,0,0,0,0
BIRC3,0,0,0,1,0,0,0,0,0,0
HAVCR2,0,0,1,0,0,0,0,0,0,0
LAT2,0,0,1,0,0,0,0,0,0,0
PAWR,1,0,0,0,0,0,0,0,0,0
SLC8A1,0,0,1,0,0,0,0,0,0,0
ENPP2,0,0,0,0,1,0,0,0,0,0
CFTR,1,0,0,0,0,0,0,0,0,0
LTA4H,0,0,1,0,0,0,0,0,0,0
TRIM29,1,0,0,0,0,0,0,0,0,0
S100A4,0,0,1,0,0,0,0,0,0,0
CCL2,0,0,1,0,0,0,0,0,0,0
ARHGAP42,1,0,0,0,0,0,0,0,0,0
SLPI,1,0,0,0,0,0,0,0,0,0
WWC1,1,0,0,0,0,0,0,0,0,0
S100A16,1,0,0,0,0,0,0,0,0,0
MERTK,0,0,1,0,0,0,0,0,0,0
CELA2B,0,0,0,0,0,1,0,0,0,0
PTPRE,0,0,1,0,0,0,0,0,0,0
SLC20A1,0,0,1,0,0,0,0,0,0,0
KLF9,0,1,0,0,0,0,0,0,0,0
EVA1B,0,1,0,0,0,0,0,0,0,0
CLDN5,0,0,0,0,1,0,0,0,0,0
BARX2,0,0,0,0,0,1,0,0,0,0
CCDC141,0,0,0,0,0,1,0,0,0,0
DUSP6,0,0,1,0,0,0,0,0,0,0
VWF,0,0,0,0,1,0,0,0,0,0
GNG11,0,1,0,0,0,0,0,0,0,0
S1PR1,0,0,0,0,1,0,0,0,0,0
SLAMF8,0,0,0,0,0,0,0,0,0,1
OSBPL8,0,1,0,0,0,0,0,0,0,0
LCN2,1,0,0,0,0,0,0,0,0,0
CD55,1,0,0,0,0,0,0,0,0,0
COL14A1,0,1,0,0,0,0,0,0,0,0
UPP1,0,0,1,0,0,0,0,0,0,0
KANK3,0,0,0,0,1,0,0,0,0,0
CHSY1,0,1,0,0,0,0,0,0,0,0
TRPS1,0,0,1,0,0,0,0,0,0,0
CKB,1,0,0,0,0,0,0,0,0,0
TBC1D14,0,0,1,0,0,0,0,0,0,0
SERPINI2,0,0,0,0,0,0,0,0,1,0
SCTR,0,0,0,1,0,0,0,0,0,0
CYBB,0,0,1,0,0,0,0,0,0,0
SLC16A1-AS1,0,1,0,0,0,0,0,0,0,0
SH3KBP1,0,0,1,0,0,0,0,0,0,0
EFNA5,1,0,0,0,0,0,0,0,0,0
CCDC102B,0,1,0,0,0,0,0,0,0,0
AFAP1L1,0,0,0,0,1,0,0,0,0,0
FTH1,0,0,1,0,0,0,0,0,0,0
CLDN3,1,0,0,0,0,0,0,0,0,0
ECM2,0,1,0,0,0,0,0,0,0,0
TFPI,1,0,0,0,0,0,0,0,0,0
PDLIM5,1,0,0,0,0,0,0,0,0,0
MAN1A1,0,1,0,0,0,0,0,0,0,0
KLK11,1,0,0,0,0,0,0,0,0,0
IFITM2,0,1,0,0,0,0,0,0,0,0
FOXC1,0,0,0,0,1,0,0,0,0,0
PRSS23,1,0,0,0,0,0,0,0,0,0
QKI,0,1,0,0,0,0,0,0,0,0
TCN1,1,0,0,0,0,0,0,0,0,0
CBLB,0,1,0,0,0,0,0,0,0,0
PREX2,0,0,0,0,1,0,0,0,0,0
LLGL2,1,0,0,0,0,0,0,0,0,0
WNK2,0,0,0,1,0,0,0,0,0,0
NBEAL2,0,0,0,1,0,0,0,0,0,0
MYH10,0,1,0,0,0,0,0,0,0,0
INPP5D,0,0,1,0,0,0,0,0,0,0
PEAK1,0,1,0,0,0,0,0,0,0,0
KCNQ1,0,0,0,0,0,1,0,0,0,0
MDK,1,0,0,0,0,0,0,0,0,0
RNF128,1,0,0,0,0,0,0,0,0,0
ACSL1,0,0,1,0,0,0,0,0,0,0
GRN,1,0,0,0,0,0,0,0,0,0
C1QA,0,0,1,0,0,0,0,0,0,0
ATP2B4,0,0,0,1,0,0,0,0,0,0
STAT1,0,0,1,0,0,0,0,0,0,0
TNFSF13B,0,0,1,0,0,0,0,0,0,0
CD2,0,0,0,1,0,0,0,0,0,0
CXCL1,0,0,0,0,0,0,1,0,0,0
LINC01133,1,0,0,0,0,0,0,0,0,0
SYNE1,0,1,0,0,0,0,0,0,0,0
ADIRF,1,0,0,0,0,0,0,0,0,0
KRT19,1,0,0,0,0,0,0,0,0,0
VGLL3,0,1,0,0,0,0,0,0,0,0
GEM,0,1,0,0,0,0,0,0,0,0
RNASET2,0,0,1,0,0,0,0,0,0,0
VCL,1,0,0,0,0,0,0,0,0,0
PTGIS,0,1,0,0,0,0,0,0,0,0
IL18,0,0,1,0,0,0,0,0,0,0
EPB41L2,0,1,0,0,0,0,0,0,0,0
ONECUT3,1,0,0,0,0,0,0,0,0,0
CLMP,0,1,0,0,0,0,0,0,0,0
TSPYL1,0,0,0,0,0,0,1,0,0,0
BNIP3L,0,0,1,0,0,0,0,0,0,0
PIK3C2B,0,0,0,0,1,0,0,0,0,0
RAMP2,0,0,0,0,1,0,0,0,0,0
IFITM3,1,0,0,0,0,0,0,0,0,0
RAP1GAP2,0,0,0,0,0,1,0,0,0,0
ABL2,0,1,0,0,0,0,0,0,0,0
SERPINA5,0,0,0,0,0,1,0,0,0,0
FBLIM1,1,0,0,0,0,0,0,0,0,0
KIAA1217,1,0,0,0,0,0,0,0,0,0
PID1,0,1,0,0,0,0,0,0,0,0
SNHG12,0,0,0,0,0,0,1,0,0,0
S100A2,1,0,0,0,0,0,0,0,0,0
TM6SF1,0,0,0,0,0,0,0,0,0,1
FAM126A,0,1,0,0,0,0,0,0,0,0
GZMA,0,0,0,1,0,0,0,0,0,0
SEMA5A,0,1,0,0,0,0,0,0,0,0
DOCK2,0,0,1,0,0,0,0,0,0,0
DEFB1,1,0,0,0,0,0,0,0,0,0
PRICKLE2,0,1,0,0,0,0,0,0,0,0
DSG2,1,0,0,0,0,0,0,0,0,0
LACTB,0,0,1,0,0,0,0,0,0,0
UGDH,0,0,0,0,0,0,1,0,0,0
AP1S2,0,0,1,0,0,0,0,0,0,0
MLPH,1,0,0,0,0,0,0,0,0,0
SFN,1,0,0,0,0,0,0,0,0,0
PTGER4,0,0,0,1,0,0,0,0,0,0
WDR72,0,0,0,1,0,0,0,0,0,0
SERPINE1,0,1,0,0,0,0,0,0,0,0
ATP8B1,1,0,0,0,0,0,0,0,0,0
PMP22,0,1,0,0,0,0,0,0,0,0
ATP10B,0,0,0,0,0,0,0,0,1,0
SVIL,1,0,0,0,0,0,0,0,0,0
PRSS22,1,0,0,0,0,0,0,0,0,0
CYP3A5,1,0,0,0,0,0,0,0,0,0
CLTB,1,0,0,0,0,0,0,0,0,0
TPST1,0,1,0,0,0,0,0,0,0,0
UBE2S,0,0,0,1,0,0,0,0,0,0
BNIP3,0,0,0,0,0,1,0,0,0,0
CD302,0,1,0,0,0,0,0,0,0,0
SDS,0,0,0,0,0,0,0,0,0,1
SRD5A3,1,0,0,0,0,0,0,0,0,0
CYBRD1,0,1,0,0,0,0,0,0,0,0
CSRNP1,0,0,0,1,0,0,0,0,0,0
TAGLN,1,0,0,0,0,0,0,0,0,0
SHANK3,0,0,0,0,1,0,0,0,0,0
EFNB2,1,0,0,0,0,0,0,0,0,0
RERG,0,1,0,0,0,0,0,0,0,0
JUND,0,0,0,1,0,0,0,0,0,0
OGN,0,1,0,0,0,0,0,0,0,0
PSD3,0,0,0,1,0,0,0,0,0,0
TOB2,0,0,0,0,0,0,1,0,0,0
EVI2B,0,0,0,0,0,0,0,1,0,0
CEP170,0,0,1,0,0,0,0,0,0,0
BANK1,0,0,0,0,0,0,0,0,0,1
SQLE,1,0,0,0,0,0,0,0,0,0
ESAM,0,0,0,0,1,0,0,0,0,0
NEDD9,0,1,0,0,0,0,0,0,0,0
FOXO1,0,1,0,0,0,0,0,0,0,0
PLXNA2,0,0,0,0,1,0,0,0,0,0
GIMAP8,0,0,0,0,1,0,0,0,0,0
S100A8,0,0,1,0,0,0,0,0,0,0
AUTS2,0,1,0,0,0,0,0,0,0,0
MAST4,0,0,0,1,0,0,0,0,0,0
TMEM255B,0,0,0,0,1,0,0,0,0,0
SLC7A2,0,0,0,0,0,1,0,0,0,0
HOMER2,0,0,0,1,0,0,0,0,0,0
ZNF521,0,1,0,0,0,0,0,0,0,0
IRAK1BP1,0,0,0,0,0,1,0,0,0,0
TYROBP,0,0,1,0,0,0,0,0,0,0
MPDZ,0,1,0,0,0,0,0,0,0,0
RHOQ,0,1,0,0,0,0,0,0,0,0
PARD6B,1,0,0,0,0,0,0,0,0,0
NLRP3,0,0,1,0,0,0,0,0,0,0
TSC22D3,0,0,0,1,0,0,0,0,0,0
MYRF,1,0,0,0,0,0,0,0,0,0
MIS18BP1,0,0,1,0,0,0,0,0,0,0
PALLD,0,1,0,0,0,0,0,0,0,0
RARRES1,0,1,0,0,0,0,0,0,0,0
TGFBR2,0,0,1,0,0,0,0,0,0,0
KIF13B,1,0,0,0,0,0,0,0,0,0
RBPJ,0,0,1,0,0,0,0,0,0,0
CLN8,0,0,0,0,0,0,0,0,0,1
PHLDB1,0,1,0,0,0,0,0,0,0,0
FPR1,0,0,1,0,0,0,0,0,0,0
GRB10,0,0,0,0,1,0,0,0,0,0
S100A13,1,0,0,0,0,0,0,0,0,0
GRINA,0,0,1,0,0,0,0,0,0,0
CPLX1,0,0,0,0,1,0,0,0,0,0
TMOD1,0,0,0,0,0,0,1,0,0,0
NHS,0,0,0,0,0,0,0,1,0,0
C3AR1,0,0,1,0,0,0,0,0,0,0
JAG1,1,0,0,0,0,0,0,0,0,0
PIK3IP1,0,0,0,0,0,0,0,0,0,1
CPA3,0,0,0,0,0,0,1,0,0,0
RAPGEF3,0,0,0,0,1,0,0,0,0,0
PPT1,0,0,1,0,0,0,0,0,0,0
CACYBP,0,0,0,0,0,0,1,0,0,0
ANO1,1,0,0,0,0,0,0,0,0,0
GABARAPL1,0,0,0,1,0,0,0,0,0,0
SEMA6B,0,0,0,0,1,0,0,0,0,0
DKK3,0,1,0,0,0,0,0,0,0,0
FCN1,0,0,1,0,0,0,0,0,0,0
PGM2L1,1,0,0,0,0,0,0,0,0,0
NPL,0,0,1,0,0,0,0,0,0,0
B3GNT3,1,0,0,0,0,0,0,0,0,0
GRK5,0,0,0,0,1,0,0,0,0,0
CPE,0,1,0,0,0,0,0,0,0,0
PARP14,0,0,1,0,0,0,0,0,0,0
SIK2,0,0,0,0,0,0,0,1,0,0
CXCL12,0,1,0,0,0,0,0,0,0,0
NOS3,0,0,0,0,1,0,0,0,0,0
VSIG4,0,0,1,0,0,0,0,0,0,0
USP53,1,0,0,0,0,0,0,0,0,0
NRCAM,0,0,0,0,0,1,0,0,0,0
CPD,1,0,0,0,0,0,0,0,0,0
PPARG,1,0,0,0,0,0,0,0,0,0
TNFSF10,0,0,0,0,1,0,0,0,0,0
LMNA,1,0,0,0,0,0,0,0,0,0
PYGB,1,0,0,0,0,0,0,0,0,0
TIMP3,0,1,0,0,0,0,0,0,0,0
ITK,0,0,0,0,1,0,0,0,0,0
SLC39A4,1,0,0,0,0,0,0,0,0,0
ATP1B1,1,0,0,0,0,0,0,0,0,0
NTN4,1,0,0,0,0,0,0,0,0,0
FERMT1,1,0,0,0,0,0,0,0,0,0
DCDC2,0,0,0,0,0,1,0,0,0,0
RAPGEF1,0,0,1,0,0,0,0,0,0,0
CAMK1D,0,0,0,0,0,0,0,0,1,0
IGF1,0,1,0,0,0,0,0,0,0,0
LAPTM4B,1,0,0,0,0,0,0,0,0,0
TMEM47,0,0,0,0,1,0,0,0,0,0
ABCB1,0,0,0,0,1,0,0,0,0,0
FNDC1,0,1,0,0,0,0,0,0,0,0
SLCO2B1,0,0,1,0,0,0,0,0,0,0
DUSP10,0,0,0,0,0,0,1,0,0,0
DOCK11,0,0,0,0,0,0,0,0,1,0
TM4SF1,1,0,0,0,0,0,0,0,0,0
COL6A1,1,0,0,0,0,0,0,0,0,0
DNAJB1,0,0,0,1,0,0,0,0,0,0
CD200,0,0,0,0,1,0,0,0,0,0
SERPING1,1,0,0,0,0,0,0,0,0,0
LMO2,0,0,0,0,1,0,0,0,0,0
ICAM1,0,0,1,0,0,0,0,0,0,0
CBX4,0,0,0,0,0,0,1,0,0,0
GLIPR1,0,0,0,1,0,0,0,0,0,0
RIC3,0,0,0,0,0,1,0,0,0,0
IFI27,1,0,0,0,0,0,0,0,0,0
SYNPO2,0,1,0,0,0,0,0,0,0,0
TANC2,0,1,0,0,0,0,0,0,0,0
SERPINH1,0,1,0,0,0,0,0,0,0,0
BAG3,0,0,0,0,0,0,1,0,0,0
DMKN,1,0,0,0,0,0,0,0,0,0
LTBP1,0,1,0,0,0,0,0,0,0,0
ACAP1,0,0,0,1,0,0,0,0,0,0
KCNK1,1,0,0,0,0,0,0,0,0,0
RBP7,0,0,0,0,1,0,0,0,0,0
TUBB,1,0,0,0,0,0,0,0,0,0
SLC16A3,0,0,1,0,0,0,0,0,0,0
PTP4A1,0,0,0,0,0,1,0,0,0,0
PARD3B,0,1,0,0,0,0,0,0,0,0
S100A9,0,0,1,0,0,0,0,0,0,0
DDR2,0,1,0,0,0,0,0,0,0,0
TMEM45A,0,1,0,0,0,0,0,0,0,0
RAB11FIP1,1,0,0,0,0,0,0,0,0,0
LUM,1,0,0,0,0,0,0,0,0,0
FAM102B,0,0,0,0,0,0,0,0,1,0
KCNE4,0,1,0,0,0,0,0,0,0,0
DPYD,0,0,1,0,0,0,0,0,0,0
FBXL7,0,1,0,0,0,0,0,0,0,0
NEAT1,1,0,0,0,0,0,0,0,0,0
CTNNAL1,0,0,0,0,0,0,0,1,0,0
ABHD5,0,0,0,0,0,0,1,0,0,0
XIST,0,0,0,0,0,1,0,0,0,0
MAP4K4,1,0,0,0,0,0,0,0,0,0
CCDC88C,0,0,0,0,1,0,0,0,0,0
HSPG2,1,0,0,0,0,0,0,0,0,0
PMEPA1,1,0,0,0,0,0,0,0,0,0
CYTH3,0,1,0,0,0,0,0,0,0,0
MMP2,0,1,0,0,0,0,0,0,0,0
PTGS1,0,0,0,0,0,0,0,0,0,1
PRSS3,1,0,0,0,0,0,0,0,0,0
IRF8,0,0,1,0,0,0,0,0,0,0
STOX2,0,0,0,0,0,1,0,0,0,0
CLIC4,0,1,0,0,0,0,0,0,0,0
CD22,0,0,0,0,0,0,0,0,0,1
SLC9A3R1,0,0,0,0,0,0,1,0,0,0
TNFRSF10B,0,0,0,1,0,0,0,0,0,0
RHOD,1,0,0,0,0,0,0,0,0,0
ACTN1,1,0,0,0,0,0,0,0,0,0
PTPN1,0,0,0,0,0,0,0,0,1,0
LAMA3,1,0,0,0,0,0,0,0,0,0
MYO1E,1,0,0,0,0,0,0,0,0,0
PLEKHH2,0,0,0,0,0,0,0,1,0,0
SULT1C2,1,0,0,0,0,0,0,0,0,0
SLC16A10,0,0,1,0,0,0,0,0,0,0
PCDH17,0,0,0,0,1,0,0,0,0,0
SCN7A,0,1,0,0,0,0,0,0,0,0
THSD4,1,0,0,0,0,0,0,0,0,0
ASPN,0,1,0,0,0,0,0,0,0,0
C1orf162,0,0,1,0,0,0,0,0,0,0
SMOC2,0,1,0,0,0,0,0,0,0,0
ITM2A,0,0,0,1,0,0,0,0,0,0
GMCL1,0,0,0,1,0,0,0,0,0,0
LY86,0,0,1,0,0,0,0,0,0,0
RAB13,1,0,0,0,0,0,0,0,0,0
FSTL1,0,1,0,0,0,0,0,0,0,0
MGAT5,0,0,1,0,0,0,0,0,0,0
CEACAM5,1,0,0,0,0,0,0,0,0,0
PIP4K2A,0,0,0,0,1,0,0,0,0,0
GNAI1,0,0,0,0,0,1,0,0,0,0
ENAH,1,0,0,0,0,0,0,0,0,0
CD83,0,0,1,0,0,0,0,0,0,0
CHST9,0,0,0,0,0,1,0,0,0,0
SLC43A2,0,0,1,0,0,0,0,0,0,0
GREM1,0,1,0,0,0,0,0,0,0,0
SAMD9L,0,0,0,0,0,0,0,0,1,0
NAV1,0,1,0,0,0,0,0,0,0,0
SHE,0,0,0,0,1,0,0,0,0,0
ARL4A,0,0,0,0,0,0,1,0,0,0
TIMP1,1,0,0,0,0,0,0,0,0,0
ARHGAP29,0,0,0,0,1,0,0,0,0,0
INHBB,0,0,0,0,1,0,0,0,0,0
PRKCH,0,0,0,0,1,0,0,0,0,0
SFMBT2,0,0,1,0,0,0,0,0,0,0
CCDC30,0,0,0,0,0,1,0,0,0,0
FKBP4,0,0,0,0,0,0,1,0,0,0
CDH5,0,0,0,0,1,0,0,0,0,0
MFAP5,0,1,0,0,0,0,0,0,0,0
ADAMTS4,0,0,0,0,1,0,0,0,0,0
GNB4,0,1,0,0,0,0,0,0,0,0
NOTCH4,0,0,0,0,1,0,0,0,0,0
ST6GALNAC3,0,0,0,0,1,0,0,0,0,0
TBXAS1,0,0,1,0,0,0,0,0,0,0
STXBP2,0,0,1,0,0,0,0,0,0,0
SUSD4,0,0,0,0,0,1,0,0,0,0
SLC31A2,0,0,1,0,0,0,0,0,0,0
PER3,0,0,0,0,0,0,0,0,0,1
PROS1,0,1,0,0,0,0,0,0,0,0
SEL1L3,0,0,0,1,0,0,0,0,0,0
EPHA2,1,0,0,0,0,0,0,0,0,0
JAG2,0,0,0,0,1,0,0,0,0,0
IL3RA,0,0,0,0,1,0,0,0,0,0
FAM102A,0,0,0,1,0,0,0,0,0,0
CD4,0,0,1,0,0,0,0,0,0,0
FILIP1L,0,1,0,0,0,0,0,0,0,0
SOCS2,0,0,0,0,1,0,0,0,0,0
STK17A,0,0,0,1,0,0,0,0,0,0
GRHL2,1,0,0,0,0,0,0,0,0,0
CEBPD,1,0,0,0,0,0,0,0,0,0
PNLIPRP1,0,0,0,0,0,1,0,0,0,0
TUBA1C,1,0,0,0,0,0,0,0,0,0
SULF1,0,1,0,0,0,0,0,0,0,0
ATP1B3,0,0,1,0,0,0,0,0,0,0
CYYR1,0,0,0,0,1,0,0,0,0,0
COL10A1,0,1,0,0,0,0,0,0,0,0
EDNRB,0,0,0,0,1,0,0,0,0,0
NEDD4L,1,0,0,0,0,0,0,0,0,0
CFD,0,1,0,0,0,0,0,0,0,0
EFEMP1,0,1,0,0,0,0,0,0,0,0
KCNJ16,0,0,0,0,0,1,0,0,0,0
FGD6,1,0,0,0,0,0,0,0,0,0
SERINC5,0,0,0,0,0,0,0,0,1,0
CD84,0,0,1,0,0,0,0,0,0,0
FHL2,1,0,0,0,0,0,0,0,0,0
PTPN14,1,0,0,0,0,0,0,0,0,0
FXYD3,1,0,0,0,0,0,0,0,0,0
PPP2R5C,0,0,0,1,0,0,0,0,0,0
BTNL9,0,0,0,0,1,0,0,0,0,0
TIMP2,1,0,0,0,0,0,0,0,0,0
FLRT2,0,0,0,1,0,0,0,0,0,0
PREX1,0,0,1,0,0,0,0,0,0,0
PCLO,0,0,0,0,0,1,0,0,0,0
XBP1,0,0,0,0,0,0,1,0,0,0
PDE1A,0,1,0,0,0,0,0,0,0,0
AP2A2,0,0,1,0,0,0,0,0,0,0
JUNB,0,0,1,0,0,0,0,0,0,0
RFX2,0,1,0,0,0,0,0,0,0,0
PXDC1,0,0,0,0,0,0,0,0,0,1
REL,0,0,1,0,0,0,0,0,0,0
DMXL2,0,0,1,0,0,0,0,0,0,0
TCEAL4,1,0,0,0,0,0,0,0,0,0
PELI2,0,0,0,0,0,0,0,1,0,0
JARID2,0,0,1,0,0,0,0,0,0,0
MPP1,0,0,1,0,0,0,0,0,0,0
HSP90AA1,0,0,0,1,0,0,0,0,0,0
ZBTB10,0,0,0,0,0,0,0,0,0,1
NFATC1,0,1,0,0,0,0,0,0,0,0
CDK6,1,0,0,0,0,0,0,0,0,0
EXOC6,0,0,0,0,0,1,0,0,0,0
CLEC1A,0,0,0,0,1,0,0,0,0,0
PODN,0,1,0,0,0,0,0,0,0,0
FBLN1,0,1,0,0,0,0,0,0,0,0
TSHZ2,0,1,0,0,0,0,0,0,0,0
PAM,0,1,0,0,0,0,0,0,0,0
SH3RF1,1,0,0,0,0,0,0,0,0,0
GFOD1,0,0,0,0,1,0,0,0,0,0
INPP4B,1,0,0,0,0,0,0,0,0,0
EGR3,0,0,0,0,0,0,1,0,0,0
MNDA,0,0,1,0,0,0,0,0,0,0
MGP,1,0,0,0,0,0,0,0,0,0
EHF,1,0,0,0,0,0,0,0,0,0
FAM135A,1,0,0,0,0,0,0,0,0,0
ADAMTS2,0,1,0,0,0,0,0,0,0,0
CD300A,0,0,1,0,0,0,0,0,0,0
ITPKB,0,0,0,0,1,0,0,0,0,0
PCED1B,0,0,0,0,0,0,0,0,1,0
IL33,0,0,0,0,1,0,0,0,0,0
COL18A1,0,1,0,0,0,0,0,0,0,0
GAA,0,0,1,0,0,0,0,0,0,0
CCL13,0,0,0,0,0,0,0,0,0,1
HRH1,0,0,0,0,0,0,0,0,1,0
PPM1F,0,0,0,0,1,0,0,0,0,0
TSC22D1,1,0,0,0,0,0,0,0,0,0
ITGA2,1,0,0,0,0,0,0,0,0,0
HMCN1,0,1,0,0,0,0,0,0,0,0
TMEM45B,1,0,0,0,0,0,0,0,0,0
G0S2,0,0,1,0,0,0,0,0,0,0
MSLN,1,0,0,0,0,0,0,0,0,0
PLCB1,0,1,0,0,0,0,0,0,0,0
MPP6,0,0,0,0,0,1,0,0,0,0
ARRB2,0,0,1,0,0,0,0,0,0,0
ANXA2,1,0,0,0,0,0,0,0,0,0
PDGFA,1,0,0,0,0,0,0,0,0,0
MAL2,1,0,0,0,0,0,0,0,0,0
ANXA1,0,0,1,0,0,0,0,0,0,0
PDGFD,0,0,0,1,0,0,0,0,0,0
HIF1A,0,1,0,0,0,0,0,0,0,0
SH3RF2,1,0,0,0,0,0,0,0,0,0
MEG3,0,1,0,0,0,0,0,0,0,0
PCAT1,0,0,0,1,0,0,0,0,0,0
ANXA3,1,0,0,0,0,0,0,0,0,0
FBLN5,0,1,0,0,0,0,0,0,0,0
PYHIN1,0,0,0,0,1,0,0,0,0,0
LILRB4,0,0,1,0,0,0,0,0,0,0
SLC3A1,0,0,0,0,0,1,0,0,0,0
AMY2A,0,0,0,0,0,1,0,0,0,0
GUCY1A2,0,0,0,0,0,1,0,0,0,0
TEK,0,0,0,0,1,0,0,0,0,0
IGFBP3,1,0,0,0,0,0,0,0,0,0
SERPINA1,1,0,0,0,0,0,0,0,0,0
GAS7,0,1,0,0,0,0,0,0,0,0
HPGD,0,0,0,0,0,0,1,0,0,0
PLCG2,0,0,0,0,1,0,0,0,0,0
RNF213,0,0,1,0,0,0,0,0,0,0
NCKAP1L,0,0,1,0,0,0,0,0,0,0
TSC22D2,0,0,0,1,0,0,0,0,0,0
CORO1A,0,0,0,1,0,0,0,0,0,0
TTN,0,0,0,0,0,1,0,0,0,0
GIPC2,0,0,0,0,0,1,0,0,0,0
KCNQ1OT1,1,0,0,0,0,0,0,0,0,0
FHL1,0,1,0,0,0,0,0,0,0,0
CACNB2,0,0,0,0,0,0,0,1,0,0
ARHGEF28,1,0,0,0,0,0,0,0,0,0
FTL,0,0,1,0,0,0,0,0,0,0
SPRED1,0,1,0,0,0,0,0,0,0,0
SCD,0,0,0,0,0,0,0,0,0,1
C2,0,0,0,0,0,0,0,0,0,1
WTAP,0,0,0,1,0,0,0,0,0,0
INHBA,0,1,0,0,0,0,0,0,0,0
PDZRN3,0,1,0,0,0,0,0,0,0,0
CXCL16,0,0,1,0,0,0,0,0,0,0
ARHGAP27,0,0,0,0,0,0,0,0,1,0
GOLM1,1,0,0,0,0,0,0,0,0,0
PLLP,1,0,0,0,0,0,0,0,0,0
DOCK5,1,0,0,0,0,0,0,0,0,0
ZC3HAV1,0,0,0,1,0,0,0,0,0,0
CD14,0,0,1,0,0,0,0,0,0,0
PLVAP,0,0,0,0,1,0,0,0,0,0
SGMS2,1,0,0,0,0,0,0,0,0,0
ZNF83,0,0,0,1,0,0,0,0,0,0
FGL2,0,0,1,0,0,0,0,0,0,0
FBN1,0,1,0,0,0,0,0,0,0,0
HLA-DRB1,0,0,1,0,0,0,0,0,0,0
HS3ST1,1,0,0,0,0,0,0,0,0,0
SP110,0,0,0,0,1,0,0,0,0,0
SEMA4B,1,0,0,0,0,0,0,0,0,0
ADAM9,1,0,0,0,0,0,0,0,0,0
MYO5B,1,0,0,0,0,0,0,0,0,0
SAMD12,1,0,0,0,0,0,0,0,0,0
CAPG,0,0,1,0,0,0,0,0,0,0
SLC7A7,0,0,1,0,0,0,0,0,0,0
MNX1,0,0,0,0,0,1,0,0,0,0
LTBP2,0,1,0,0,0,0,0,0,0,0
MCF2L,0,0,0,0,1,0,0,0,0,0
REG1B,0,0,0,0,0,0,0,0,1,0
ERAP2,0,0,0,0,1,0,0,0,0,0
ZNF69,0,0,0,0,0,1,0,0,0,0
FYN,0,0,0,0,1,0,0,0,0,0
C11orf96,0,1,0,0,0,0,0,0,0,0
ADAP2,0,0,1,0,0,0,0,0,0,0
RASSF6,1,0,0,0,0,0,0,0,0,0
PODXL,0,0,0,0,1,0,0,0,0,0
ENC1,1,0,0,0,0,0,0,0,0,0
NCAM1,0,0,0,0,0,1,0,0,0,0
FOSL2,0,0,1,0,0,0,0,0,0,0
GAL3ST4,0,0,0,0,0,0,0,0,0,1
BCL11B,0,0,0,1,0,0,0,0,0,0
NEURL1,0,0,0,0,0,1,0,0,0,0
SMAD3,1,0,0,0,0,0,0,0,0,0
LGALS3BP,1,0,0,0,0,0,0,0,0,0
RBMS3,0,1,0,0,0,0,0,0,0,0
CRIM1,1,0,0,0,0,0,0,0,0,0
FAM3B,1,0,0,0,0,0,0,0,0,0
FGFR3,0,0,0,0,0,1,0,0,0,0
PDGFC,0,1,0,0,0,0,0,0,0,0
IL4I1,0,0,0,0,0,0,0,0,0,1
LSAMP,0,1,0,0,0,0,0,0,0,0
PDE4B,0,0,1,0,0,0,0,0,0,0
RAMP3,0,0,0,0,1,0,0,0,0,0
CCNH,0,0,0,0,0,0,1,0,0,0
MPP7,0,0,0,0,0,1,0,0,0,0
GMPR,0,0,0,0,0,1,0,0,0,0
BNC2,0,1,0,0,0,0,0,0,0,0
MGAT1,0,0,1,0,0,0,0,0,0,0
KRT17,1,0,0,0,0,0,0,0,0,0
CD3E,0,0,0,1,0,0,0,0,0,0
LYN,0,0,1,0,0,0,0,0,0,0
PLIN5,0,0,0,0,0,1,0,0,0,0
MUC5AC,1,0,0,0,0,0,0,0,0,0
SPP1,0,0,1,0,0,0,0,0,0,0
SPI1,0,0,1,0,0,0,0,0,0,0
ADAMTS12,0,1,0,0,0,0,0,0,0,0
HMGCS1,1,0,0,0,0,0,0,0,0,0
FILIP1,0,1,0,0,0,0,0,0,0,0
FKBP10,0,1,0,0,0,0,0,0,0,0
NTM,0,1,0,0,0,0,0,0,0,0
STK10,0,0,0,0,1,0,0,0,0,0
RGS3,0,0,0,0,1,0,0,0,0,0
IKZF2,0,0,0,1,0,0,0,0,0,0
KCND2,0,1,0,0,0,0,0,0,0,0
MEF2C,0,1,0,0,0,0,0,0,0,0
CD96,0,0,0,1,0,0,0,0,0,0
HS6ST1,0,0,0,0,0,1,0,0,0,0
ID2,0,0,0,1,0,0,0,0,0,0
B4GALT5,1,0,0,0,0,0,0,0,0,0
FCER1G,0,0,1,0,0,0,0,0,0,0
ISG15,0,0,1,0,0,0,0,0,0,0
GABRP,1,0,0,0,0,0,0,0,0,0
SLC7A5,0,0,0,0,0,0,1,0,0,0
ALOX5,0,0,1,0,0,0,0,0,0,0
COL27A1,0,0,0,0,0,1,0,0,0,0
MAFF,0,0,0,0,1,0,0,0,0,0
TENM3,0,1,0,0,0,0,0,0,0,0
FAP,0,1,0,0,0,0,0,0,0,0
CAV2,1,0,0,0,0,0,0,0,0,0
ISLR,0,1,0,0,0,0,0,0,0,0
CLDN7,1,0,0,0,0,0,0,0,0,0
ZEB2,0,1,0,0,0,0,0,0,0,0
NR2F2,1,0,0,0,0,0,0,0,0,0
CNOT6L,0,0,0,1,0,0,0,0,0,0
DOCK8,0,0,1,0,0,0,0,0,0,0
VMO1,0,0,0,0,0,0,0,0,0,1
FHIT,0,0,0,0,0,1,0,0,0,0
RCAN1,0,0,0,0,1,0,0,0,0,0
ANXA10,1,0,0,0,0,0,0,0,0,0
HSPA1B,0,0,0,1,0,0,0,0,0,0
TNS1,0,1,0,0,0,0,0,0,0,0
ABCG1,0,0,1,0,0,0,0,0,0,0
CASZ1,0,0,0,1,0,0,0,0,0,0
EPB41L5,0,0,0,0,0,1,0,0,0,0
LRIG3,1,0,0,0,0,0,0,0,0,0
NTRK2,0,0,0,0,0,1,0,0,0,0
PGD,0,0,1,0,0,0,0,0,0,0
FCGR2A,0,0,1,0,0,0,0,0,0,0
IGFBP4,1,0,0,0,0,0,0,0,0,0
TPM1,1,0,0,0,0,0,0,0,0,0
LGALS3,1,0,0,0,0,0,0,0,0,0
CDK17,0,0,0,0,1,0,0,0,0,0
SMIM22,1,0,0,0,0,0,0,0,0,0
NRP1,0,1,0,0,0,0,0,0,0,0
FDX1,0,0,0,0,0,0,1,0,0,0
SLC19A2,0,1,0,0,0,0,0,0,0,0
CHST15,0,0,0,0,0,0,0,0,1,0
BHLHE41,0,0,0,0,0,0,0,0,0,1
FRMD4B,0,0,1,0,0,0,0,0,0,0
PRDM1,0,0,0,0,1,0,0,0,0,0
CLEC5A,0,0,1,0,0,0,0,0,0,0
SPTBN1,1,0,0,0,0,0,0,0,0,0
ZC3H12A,0,0,0,0,0,0,1,0,0,0
TUBA1A,0,1,0,0,0,0,0,0,0,0
THBS1,0,1,0,0,0,0,0,0,0,0
ONECUT1,0,0,0,0,0,1,0,0,0,0
HLA-DRA,0,0,1,0,0,0,0,0,0,0
IL1B,0,0,1,0,0,0,0,0,0,0
ITIH5,0,0,0,0,0,1,0,0,0,0
TSPAN18,0,0,0,0,1,0,0,0,0,0
CATSPERB,0,0,0,1,0,0,0,0,0,0
NLRP1,0,0,0,0,1,0,0,0,0,0
CD82,1,0,0,0,0,0,0,0,0,0
CREB5,0,0,0,0,0,0,0,1,0,0
NAGK,0,0,1,0,0,0,0,0,0,0
MACROD2,1,0,0,0,0,0,0,0,0,0
SRPX,0,1,0,0,0,0,0,0,0,0
FCHSD2,0,0,1,0,0,0,0,0,0,0
AGRN,1,0,0,0,0,0,0,0,0,0
OLFML2B,0,0,0,0,0,0,0,0,0,1
CALD1,0,1,0,0,0,0,0,0,0,0
DACH1,0,0,0,0,0,1,0,0,0,0
IFRD1,0,0,0,1,0,0,0,0,0,0
TACC1,0,1,0,0,0,0,0,0,0,0
CSRP2,0,1,0,0,0,0,0,0,0,0
RAB9A,0,0,0,0,0,0,1,0,0,0
MPEG1,0,0,1,0,0,0,0,0,0,0
TMEM88,0,0,0,0,1,0,0,0,0,0
ROBO1,0,1,0,0,0,0,0,0,0,0
CEACAM6,1,0,0,0,0,0,0,0,0,0
CSTB,1,0,0,0,0,0,0,0,0,0
CLIC3,1,0,0,0,0,0,0,0,0,0
AKNA,0,0,0,0,1,0,0,0,0,0
CD34,0,0,0,0,1,0,0,0,0,0
MYO10,1,0,0,0,0,0,0,0,0,0
EMILIN2,0,0,1,0,0,0,0,0,0,0
RASA3,0,0,0,0,0,0,0,0,1,0
IGFBP2,1,0,0,0,0,0,0,0,0,0
ERBB3,1,0,0,0,0,0,0,0,0,0
RAPGEF5,1,0,0,0,0,0,0,0,0,0
PAK3,0,0,0,0,0,1,0,0,0,0
CD79B,0,0,0,0,0,0,0,0,0,1
BTG1,0,0,0,1,0,0,0,0,0,0
ITPR2,0,0,1,0,0,0,0,0,0,0
SOD2,0,0,1,0,0,0,0,0,0,0
BCL11A,0,0,0,0,0,1,0,0,0,0
TEX9,0,0,0,0,0,1,0,0,0,0
DNAH7,0,0,0,0,0,1,0,0,0,0
CCL18,0,0,0,0,0,0,0,0,0,1
DAPK1,0,0,1,0,0,0,0,0,0,0
SLC28A3,0,0,0,0,0,1,0,0,0,0
CYP1B1,0,1,0,0,0,0,0,0,0,0
MAP1B,0,1,0,0,0,0,0,0,0,0
CD58,0,0,1,0,0,0,0,0,0,0
ID1,1,0,0,0,0,0,0,0,0,0
PLEKHG1,0,1,0,0,0,0,0,0,0,0
DNAJA4,0,0,0,0,0,0,1,0,0,0
FERMT2,0,1,0,0,0,0,0,0,0,0
FAM20C,0,1,0,0,0,0,0,0,0,0
ABCA1,0,1,0,0,0,0,0,0,0,0
CA8,0,0,0,0,0,1,0,0,0,0
KLF6,0,0,1,0,0,0,0,0,0,0
DPYSL2,0,1,0,0,0,0,0,0,0,0
OSBPL10,0,0,0,0,0,0,0,0,1,0
LGALS9,0,0,1,0,0,0,0,0,0,0
MCTP1,0,0,1,0,0,0,0,0,0,0
FZD4,0,0,0,0,1,0,0,0,0,0
BACH2,0,0,0,0,0,0,0,1,0,0
SLC44A3,0,0,0,0,0,1,0,0,0,0
TBC1D4,0,0,0,0,0,1,0,0,0,0
MGST1,1,0,0,0,0,0,0,0,0,0
C3,1,0,0,0,0,0,0,0,0,0
NBL1,1,0,0,0,0,0,0,0,0,0
SOX9,1,0,0,0,0,0,0,0,0,0
ATF5,0,0,0,0,0,0,0,0,0,1
TYMP,0,0,1,0,0,0,0,0,0,0
ESRRG,0,0,0,0,0,1,0,0,0,0
CD3G,0,0,0,1,0,0,0,0,0,0
CTSB,0,1,0,0,0,0,0,0,0,0
EDNRA,0,1,0,0,0,0,0,0,0,0
HSPA1A,0,0,1,0,0,0,0,0,0,0
AP1B1,0,0,1,0,0,0,0,0,0,0
GLS,0,0,0,1,0,0,0,0,0,0
TNFAIP2,0,0,1,0,0,0,0,0,0,0
ARL5B,0,0,0,0,0,0,1,0,0,0
AOAH,0,0,1,0,0,0,0,0,0,0
MEDAG,0,1,0,0,0,0,0,0,0,0
HNF4G,1,0,0,0,0,0,0,0,0,0
SNAP25,0,0,0,0,0,1,0,0,0,0
F2RL3,0,0,0,0,1,0,0,0,0,0
CXCL14,0,1,0,0,0,0,0,0,0,0
SERAC1,0,0,0,0,0,1,0,0,0,0
SLC2A3,0,1,0,0,0,0,0,0,0,0
TPD52L1,0,0,0,0,0,1,0,0,0,0
SGCD,0,1,0,0,0,0,0,0,0,0
WWTR1,1,0,0,0,0,0,0,0,0,0
TUBB4B,0,0,0,1,0,0,0,0,0,0
RBM47,1,0,0,0,0,0,0,0,0,0
CRADD,0,0,0,0,0,1,0,0,0,0
EXT1,1,0,0,0,0,0,0,0,0,0
LMO4,1,0,0,0,0,0,0,0,0,0
NHSL1,0,0,0,0,0,0,0,0,1,0
NBEA,0,0,0,0,0,1,0,0,0,0
TTYH3,0,0,1,0,0,0,0,0,0,0
SDF2L1,0,0,0,0,0,0,1,0,0,0
MALAT1,0,0,0,1,0,0,0,0,0,0
SMARCD3,0,0,0,0,0,1,0,0,0,0
EPSTI1,0,0,1,0,0,0,0,0,0,0
CFAP221,0,0,0,0,0,1,0,0,0,0
SESN1,0,0,0,0,0,0,0,0,0,1
CREB3L1,1,0,0,0,0,0,0,0,0,0
MICAL2,0,1,0,0,0,0,0,0,0,0
ST6GAL1,0,0,0,0,1,0,0,0,0,0
PHYH,0,0,0,0,0,0,1,0,0,0
FGD2,0,0,1,0,0,0,0,0,0,0
CELF2,0,0,1,0,0,0,0,0,0,0
EPS8,1,0,0,0,0,0,0,0,0,0
SH3PXD2B,0,1,0,0,0,0,0,0,0,0
TSPAN4,0,1,0,0,0,0,0,0,0,0
RGS5,0,1,0,0,0,0,0,0,0,0
STAB1,0,0,1,0,0,0,0,0,0,0
TUBA1B,0,0,1,0,0,0,0,0,0,0
DNAJB9,0,0,0,0,0,0,1,0,0,0
ANTXR1,0,1,0,0,0,0,0,0,0,0
TNXB,0,1,0,0,0,0,0,0,0,0
LDLRAD4,0,0,0,0,0,0,0,1,0,0
LIMS2,0,0,0,0,1,0,0,0,0,0
ARRDC3,0,0,0,0,1,0,0,0,0,0
SLC38A2,0,1,0,0,0,0,0,0,0,0
CPM,0,0,1,0,0,0,0,0,0,0
EPHA4,0,0,0,0,1,0,0,0,0,0
FRMD4A,0,0,1,0,0,0,0,0,0,0
LHFPL2,0,1,0,0,0,0,0,0,0,0
DMD,0,1,0,0,0,0,0,0,0,0
PTPRB,0,0,0,0,1,0,0,0,0,0
PBX1,1,0,0,0,0,0,0,0,0,0
DPYSL3,0,1,0,0,0,0,0,0,0,0
COL15A1,0,1,0,0,0,0,0,0,0,0
IGF1R,0,1,0,0,0,0,0,0,0,0
LAMA4,0,1,0,0,0,0,0,0,0,0
CXCL3,0,0,1,0,0,0,0,0,0,0
PDIA2,0,0,0,0,0,0,0,0,1,0
PDPN,0,1,0,0,0,0,0,0,0,0
TLN2,0,0,0,0,0,0,0,1,0,0
TMTC2,1,0,0,0,0,0,0,0,0,0
DNMBP,0,0,0,0,0,0,0,0,1,0
ALCAM,0,0,1,0,0,0,0,0,0,0
RASSF4,0,0,1,0,0,0,0,0,0,0
EGR1,1,0,0,0,0,0,0,0,0,0
PPP1R16B,0,0,0,0,1,0,0,0,0,0
DAAM1,0,0,0,0,0,0,0,1,0,0
PAPSS2,0,1,0,0,0,0,0,0,0,0
CLPS,0,0,0,0,0,1,0,0,0,0
TTLL7,0,0,0,0,0,1,0,0,0,0
ADCY4,0,0,0,0,1,0,0,0,0,0
PDE3B,0,0,0,0,0,0,1,0,0,0
DSP,1,0,0,0,0,0,0,0,0,0
KIT,0,0,0,0,0,0,1,0,0,0
RUNX3,0,0,0,1,0,0,0,0,0,0
GALNT5,1,0,0,0,0,0,0,0,0,0
SEC11C,0,0,0,0,0,0,0,0,0,1
METTL7A,0,0,0,0,0,1,0,0,0,0
NFIL3,0,0,1,0,0,0,0,0,0,0
CSF2RA,0,0,1,0,0,0,0,0,0,0
C3orf52,0,0,0,0,0,0,0,0,1,0
PIK3C2G,0,0,0,1,0,0,0,0,0,0
CD86,0,0,1,0,0,0,0,0,0,0
PTPRC,0,0,0,1,0,0,0,0,0,0
WDFY2,0,0,0,0,0,1,0,0,0,0
LILRB3,0,0,1,0,0,0,0,0,0,0
SSH1,0,1,0,0,0,0,0,0,0,0
EEPD1,0,0,0,1,0,0,0,0,0,0
MAPK10,0,1,0,0,0,0,0,0,0,0
ETV5,0,0,0,0,0,0,0,0,0,1
TM4SF4,1,0,0,0,0,0,0,0,0,0
NPC1,0,0,0,0,0,0,0,0,1,0
NFKB1,0,0,1,0,0,0,0,0,0,0
CRISPLD2,0,1,0,0,0,0,0,0,0,0
HLA-DQB1,0,0,1,0,0,0,0,0,0,0
IL1R1,0,1,0,0,0,0,0,0,0,0
ATP2B1,0,0,1,0,0,0,0,0,0,0
FAM107A,0,0,0,0,1,0,0,0,0,0
IER5,0,0,0,1,0,0,0,0,0,0
OSMR,1,0,0,0,0,0,0,0,0,0
DNAJA1,0,0,0,1,0,0,0,0,0,0
HPN,0,0,0,0,0,1,0,0,0,0
CD8A,0,0,0,1,0,0,0,0,0,0
CD74,0,0,1,0,0,0,0,0,0,0
HLA-DPA1,0,0,1,0,0,0,0,0,0,0
CYS1,0,0,0,0,0,1,0,0,0,0
SVEP1,0,1,0,0,0,0,0,0,0,0
MCU,1,0,0,0,0,0,0,0,0,0
ZFAND5,0,1,0,0,0,0,0,0,0,0
PDK4,0,1,0,0,0,0,0,0,0,0
BCL2A1,0,0,1,0,0,0,0,0,0,0
NAMPT,0,0,1,0,0,0,0,0,0,0
ITM2C,0,0,0,0,0,0,1,0,0,0
GIMAP4,0,0,0,0,1,0,0,0,0,0
GBP4,0,0,0,0,1,0,0,0,0,0
JUN,0,0,0,1,0,0,0,0,0,0
CUZD1,0,0,0,0,0,1,0,0,0,0
DSE,0,0,1,0,0,0,0,0,0,0
PLCE1,0,0,0,0,0,0,0,1,0,0
POSTN,0,1,0,0,0,0,0,0,0,0
FLNB,1,0,0,0,0,0,0,0,0,0
NFATC2,0,1,0,0,0,0,0,0,0,0
CCDC80,0,1,0,0,0,0,0,0,0,0
ANK2,0,1,0,0,0,0,0,0,0,0
MAPRE2,0,0,0,0,0,0,0,0,0,1
CASC15,0,0,0,0,0,0,0,1,0,0
CEP112,0,1,0,0,0,0,0,0,0,0
TWISTNB,0,0,0,0,0,0,1,0,0,0
CCDC3,0,0,0,0,1,0,0,0,0,0
STARD13,0,0,0,0,0,1,0,0,0,0
KYNU,0,0,1,0,0,0,0,0,0,0
FCGBP,0,0,0,0,0,0,0,0,0,1
APLNR,0,0,0,0,1,0,0,0,0,0
TUBB2A,0,0,0,0,0,0,1,0,0,0
LY6E,1,0,0,0,0,0,0,0,0,0
EPS8L1,1,0,0,0,0,0,0,0,0,0
UGCG,1,0,0,0,0,0,0,0,0,0
APCDD1,0,0,0,0,0,1,0,0,0,0
GM2A,0,0,1,0,0,0,0,0,0,0
IFI16,0,1,0,0,0,0,0,0,0,0
COL3A1,0,1,0,0,0,0,0,0,0,0
SYBU,0,0,0,0,0,1,0,0,0,0
CTSZ,0,0,1,0,0,0,0,0,0,0
PKP4,1,0,0,0,0,0,0,0,0,0
FOLR2,0,0,0,0,0,0,0,0,0,1
TMTC1,0,1,0,0,0,0,0,0,0,0
VIM,0,1,0,0,0,0,0,0,0,0
GNA13,0,0,1,0,0,0,0,0,0,0
LPCAT4,1,0,0,0,0,0,0,0,0,0
PTAFR,0,0,1,0,0,0,0,0,0,0
OLFML2A,0,0,0,0,1,0,0,0,0,0
